polarity,tweet
0,"after the 1000. time watching...still don't really like the 5th Harry Potter movie  sad actually, i love the book though"
0,"is totally wondering if the real vanessa hudgens is the one in my 'following' glory...  if it's not, that sux..."
0,Time to gett the dog from the wett what a shity day 
0,Oh scheisse... Ashley simpson is going to be on Melrose Place? Just when i was content with ignoring her existance &amp
0,Yuck this is the earliest Ive been up in awhile and its NOT fun 
0,"@SonnyShear I love them too. Husband, not so much. Therefore, no chimes for me "
0,i'm stiilll really bored 
0,can't find any friends here 
0,hates replaying that night in my head!!!! can't i just be happy now...?  I love you little brother... &lt
0,@NathanaelB awww no fair! i is a big girl but not a big boy!  you will be sorry when i bite u on bum! then u see who is big playa
0,Fuck you Channel 7 and iQ for the damn show running over time and me not getting to see the reunions 
0,Waking up is probably the worst part of my day 
0,I was just mean on the internet. Somebody spank me. 
0,Feeling really crappy about an overdue assignment.  Completely mucked up another assignment and left this one too late.
0,... im not worthless 
0,@wordridden I know! I went and stood on the balcony but it had already moved a few houses further up 
0,@stephenfry enjoy wandering around. I wish I could join you. Or at least be in London 
0,WTF!?!?!? WHY is it snowing in April!?!?!?!?!?!?!?! Makes school THAT much crapier 
0,was offered ï¿½30 for my old car  Am going to keep trying see if I can get a bit more.. she has cupcakes on for goodness sake!
0,@khali_blache no riches?  Boo. I shall be posting the speshul item to you tomorrow...
0,"@raspberry I am trying only to spend if I have paypal funds, which I don't right now.  Plus cat might need to go the vet again this week."
0,@s13_eisbaer your face is a D90. 
0,"*sigh* another day, another pile of exciting research to trawl through... More of this tomorrow too "
0,Argh! Sounds like someone is standing at my door with a chainsaw. No sleep for me this morning.  I'm very grumpy now!
0,just after waking up.. Im tired 
0,@shubox damn. neither are on there 
0,"feelin sick.  can't slow down though...school, other school, rehearsal, tennis match, rehearsal again."
0,@ChloeChloe i completely forgot about the exams.. i really cant be bothered to revise.  *PERUface*
0,"Hello all, slow getting going today ... I just feel like curling up with my book for the rest of the day ... "
0,@finalcontext  Luckily I'm on holiday at the mo! But it's still all work  What is it you do ?
0,"couldn't sleep, up all night, i will regret this when i get home from work "
0,I've given up and am going to the doctor...being sick 3 times in one month is rather annoying 
0,work is so boring without my ipod 
0,"doesn't understand Ohio weather... it's APRIL!...i have to run a track meet in shorts and a tank top tonight, this is gonna be great!. "
0,Eurrrghhhh!!!!  Not a fan of Lapsang Souching.  Tastes like smoking 
0,Trying hard to resist eating the kids' Easter Eggs  
0,man i shouldn't have put cheese on that crab salad sandwich... 
0,feeling down today 
0,@paul_a_smith Well done - if u get that MP4 version pls can you make it available as a download somewhere - some of us didnt get to c it 
0,Fuck fuck fuck fuck fuck fuck fuck I got the job that I didn't want and I have to take it 
0,Went to HPFZ and page came up saying the domain has expired.. I'm..freaking out right now. 
0,@RobynBobbin You could have been me for today. Work was absolutely bloody terrible. I was ready to call it quits.. 
0,@gjarnling woops! you did get it and replied!! I am having a dumb day i guess  x
0,a level maths is too hard  i need help
0,Sick in bed. Googled 'snot'. Still don't understand why it's decided to take up April lodgings in my skull. 
0,I thought i'd managed to dodge the cold going around work but woke up this morning feeling like i'd swallowed a cheese grater 
0,says everything still hurts.  http://plurk.com/p/n19ve
0,wow - great day - SUN SUN SUN but have to work now 
0,is really really missing him... 
0,I thought @twooting would be all about Twitter in Tooting.  I'm disappointed.  
0,@DanceofLife hiya which slides do you mean? Your contact photo in B/W? Had minor crisis too and had to replace all contacts so no photos 
0,My groat feels like it's getting sore 
0,@cjoneill hurrah! @gutters gave the coffee a miss today ... he was regreting that decisioin by mid-morning - no sleep for new dads 
0,"@schizdazzle actually it done it all its self. it jumped off my lap, I did try to stop it "
0,School...  but at least theres only 2 more days till break!
0,@sabret00the uh uh... poor Paul.  ...hows the weather in good ole LDN town? Heading ur way on friday.
0,@kyelko lol I bet. don't want to go to work  xx
0,@TownHallSteps1 Maybe if you did an AA Show 
0,@stevengsaunders I miss Taco Bell toooooo.  There should be WAY more Taco Bell franchises. 
0,"@miss_leesa Me, too. *sigh*   We need to move somewhere cold... in the country... &amp; become florists... with a good bookstore nearby..."
0,ewwww presentation 
0,this weather seriously impeded my shoe choice today 
0,Bored  I think i may watch the dark knight.
0,off work yay Im so tired 
0,@lizzy1e Just out of interest how much RAM does that laptop have? Vista is very memory hungry... 
0,Bbutton ring fell off  needa replace one asap: Bbutton ring fell off  needa replace one asap
0,@katieparsons  maybe it's a sign to listen to Snot!? LOVE YA. x
0,This is a bad time to be hooked on Twilight..........11 assignments due by May 29th 
0,I lost my voice.  if anyone finds it please let me know.
0,in super taco. I have to walk to school.  and im testing today! DX
0,@mileycyrus how come you never reply to me? 
0,just a little more sleep please 
0,@Reivanna sorry to hear it Reivanna  chronic ones I assume?
0,My first TimTam in over a year has gone down verrrrry well. I miss Australia 
0,"Getting ready to head out, doing my cousins hair for her and then the dentist ugh to have yet another tooth yanked out  lord help me lol"
0,MY FLAT IRON MELTED MY GLASSES 
0,"just found out I got ripped off by a fraudster bookseller in the US..signed 1st ed John Irving novel, my arse "
0,to tell you something? hmm 
0,had a long re-charging sleep last nite but wif nightmares  | one last night in medan.....
0,"@marcofrissen Pine with IMAP is slow with gmail, and the inbox gets closed from time to time, big hassle "
0,Going to school and enjoying my last day as a 16 year old  but  too
0,"@KevAnthony let me give you a hug, its cold here too "
0,@petrilude I'm so worried about it!! No Robert Englund...how can it be any good?? I loved that movie 
0,#dreams Had to speak at night honoring michelle obama as fashion icon. Did so wearing her clothes. Got pee on them while changing. 
0,"g'mornin all...dont wanna go into work 2day, I think i might still be sick, which isn't pretty after last week  BTW END THE FED HR1207!"
0,"@Tarale yeah, internet is shaped here too. and i can't do ANYTHING "
0,@MarthaStewart I wish I had a tech guy. 
0,cannot unlock espresso 
0,is not feeling to good 2day 
0,@annelynnn i know 
0,This is a bad time to be hooked on Twilight..........11 assignments due by May 29th 
0,"@craftjuice thank you. Since I can only use the url once, I won't be able to add individual items  "
0,"@wiredvijay At work, and actually working close with Ugam (India) or the moment. Bad news is they are about tolay off 30 people here "
0,"@tangledtara I'm actually salivating! NEED SWEETIES, chubb says no "
0,is going to curl up with a cup of tea and a book and hope she feels better soon 
0,huh? I thought Hells Kitchen was a Ramsay thing. Who's this nobody guy? Get Ramsay back. 
0,"So U may all ask wht is going on over in the VT camp. Well as Chucko is away skiing god knows whr. Myself, jack &amp; mike R left behind "
0,"@edibow No it wasnt a super hero it was slimer from goast busters, i have it too "
0,"@bradiewebbstack :O socks and showers? they dont mix, trusst me. they get wet and you cant wear them anymoreee  its miserable"
0,@vamp_queen awwww 
0,@amiefoley Yeah 
0,@jaybranch Oh thats great 
0,@sage_rules I wish it were that easy bro.  I am srsly down over this.  I couldn't even finish my yummy oatmeal today 
0,one word to sum up today-  oh wow its not even a bloody word.
0,@asheshwor How? I donot understand 
0,"Just going to go for a review of the GadgetShows top 5 freeware might get some of them,despite the fact half of them are poor "
0,"Good morning fellow tweets, there is allot of spamers on here.    but thats ok, I'll just get rid of them."
0,"@CathySavels oh, no  I've been there as well... the brother of one of mine, but I still see him sometimes around where I live "
0,@_EmilyYoung 
0,"Really cold and miserable morning. Didn't get a workout in last night or this morning, this sucks "
0,@MarieMoM Today is the last day and if I go I will just get a zero anyway because Im just not prepared at all 
0,@Abmac88 I hope that Motte's performance is not an indication of what is to come. 
0,Watched a movie... feeling sleepy but know that when i actually get up from the lounge and move to bed I'll be wide awake 
0,@andycub my current contract will be up before then - damn 
0,i just finished sharis birthday present !! since today morning i have headache  i think i should drink more......
0,Wonderful weather in Rochester this morning  - http://twitpic.com/2y9o1
0,i'm appreciative of these few minutes of safety and freedom of thought. better go back into the fray 
0,worst day at school 2day i hate Ellen and Jaime there soo horrible 
0,"@arepeejee  (but thanks for the retweet despite your despair) if i buy you a box of jaffa cakes, would that go someway to making amends?"
0,has a really bad cold 
0,@SunOC hahaha..she didn't.. computer said no  Vodafonething didn't work bc i dont remember my password.. STUPID!
0,Yess the sun is finally out  ! NOO i gotta go to work 
0,@witchescupboard Yes unfortunately.. Just a lot of the stress I've been dealing with lately.. 
0,"My baby brought me a present today, a dismembered mouse... "
0,"@mrmackenzie I tried to tweet you about how annoying LS was when I just installed trial, but it wouldn't let me. Uninstalled. "
0,Stupid schoool. Dnt wanna gooooo.  rah. Less than 3 more monthsssss. and3 more days till spreeng brake!   x__x
0,Thievery Corporation  lemondta a turnï¿½jï¿½t 
0,@VicThompson oh no  tummy bug? hope u get better soon xx think she is only back briefly then off to nam..have text but no reply yet xx
0,giving it up... no one's here 
0,At work.....and its snowing 
0,is chilling going to get ready for work inabit tho 
0,@johnpaulfletch I know!! Weathers supposed to be crap though 
0,one more week till pay day  wheres my stimulus package mr rudd??
0,"Yay! Back home early, but the sods will no doubt make me work from home "
0,off to class... 
0,#dreams Had discussion about unitarians with a libertarian while sitting in a gigantic anthill. He loved jesus too much to be civil.  
0,How hard is it to find a picture of a white van in a scenic area  Very it seems.
0,great day to stay in bed...can't sleep 
0,@silkywoven Sadly that's true! Football is definitely better than cricket 
0,@Rocmoney ha! I've been planning my &quot
0,has got an upset stomach 
0,Just found out an outbuilding at one of my other houses has been broken into. Again. That's probably the 6th or 7th time now 
0,Ugh it's APRIL not DECEMBER there should NOT be snow on the ground &amp
0,i have a stuffy nose 
0,@xxandip i missed it too - v.upset  katie xx
0,had planned to go to Miami but Christina changed her mind! don't want to stay in Greece for Easter 
0,"No, i can't believe I just wrote that. The reason why she couldn't make it was: Her neighbor shot himself yesterday. OMG! Rest In peace. "
0,"Kelly Good morning fellow tweets, there is allot of spamers on here.  but thats ok, I'll just get rid of them. http://ff.im/1Y9yn"
0,"Nneka, this is useless. what is Twitters point? like i don't even know if you can message people.. mehh "
0,"@hedj But I'm not drunk now! I needed it last night, I was sounding a bit desperate I think "
0,and its done now i need to curl it omg i need someone to do this for me  then my make-up then get dressed then tidy up ... all befor one !
0,underworld will be down soon 
0,"@Rach_McCoyle : wicked, ill ring you after work &amp; we can arrange, i miss my best buddie  oh yes W&amp;C's all the way &lt;3"
0,I'm not dead despite rumours to the contrary. New job means very little online time in the office 
0,"@loisheilig That's understandable. Mine is in the summer, so I was never the birthday girl in school "
0,@browserd i wish i was  stranded near Famï¿½es
0,says ang tagal naman ng May 14  http://plurk.com/p/n1b4k
0,"@Malunis yea, it is getting annoying. "
0,yay lovely weather outside dudes 
0,am sad my sister and niece have gone away 
0,doing her english coursework..her fingers ache 
0,Nearly time for me to go home. The crew are filming JK being terrified of summat. Just had two spots of rain  #dwsr
0,@melanieleonard I don't want to be at work  LOL xx
0,am going to get hot blackcurrant cold drink  wish me luck...
0,has severe writers block 
0,they are saying on the radio that they've found that some fast food has a high level of saturated fat- why did nobody tell me 
0,"@DHughesy What made you say twitterers are witty as f###? I guess I'm not one of the witty ones, since I had to ask "
0,Lunchbreak......and I feel ill today..... 
0,"@edent There wasn't an &quot;if you actually read this, send us an email to win a prize&quot; clause in there "
0,Cant go back to sleep 
0,Yawn!! Just got up. Getting ready for school. 
0,"I love the nice weather, but since yesterday my allergies started acting up... "
0,My 4 year old son doesn't like The Smiths  &quot
0,of to the hospital for an x-ray 
0,Damp!!! I couldn't wear jeans cuz they were too wet so I had to wear regular sweat pants! I look terrible! Oh &amp
0,@anikainlondon yes! Thanks. I've just dropped my phone and the screen is smashed up 
0,@misswayward I can't see ur cakes bb  I will check later
0,@CreateSean A lot of swearing though 
0,just got home from school. had a long day in school today! 
0,getting ready for a 2nd day of Faith-based and Neighborhood Partnerships -  still happy re OK visit - although no Braums this time 
0,@Posh_Totty @nymphomaniac @boredwife Why can't i live near/work with lovely ladies like you?? 
0,@thecoveted Oooh! I love those earrings! Do you mind if I ask which craft store you went to? We don't have much up here unfortunately 
0,Lying in bed with a banging headache 
0,Brian Wenzel premature ejaculation ads making me ill.   
0,"@Stazjia True and, lo and behold, it just happened again "
0,wants twistori screensaver in desktop. 
0,I wanna go back to sleep 
0,why is it so cold? I need my paddington bear duffel coat 
0,Can't wait to get stuck in traffic tomorrow. Going to Manila for a meeting 
0,"@y2kprawn good luck with that, in Sligo it's raining really bad after a nice and sunny morning "
0,Off to KL tomorrow - not looking forward to the 5am start 
0,preparing quotes all day can be a tiring job 
0,Missed Music Monday 
0,"can't wake up, so exhausted "
0,is cracking on with her work....Ugghh  I am SO bored 
0,"i have a headache , runny nose , cold body even though covered with 2 thick blankets , &amp; a cup of cordial. horrible combo "
0,@SexyLexy54321 I dont wanna look like a clown!! lol I dont have yellow. 
0,no time for breakfast... 
0,Alcohol + Deadlines = 
0,Hurt my ankle working out this morning  ... but I've lost 18 lbs &amp
0,@hot30 Listening to your show as always. HOW COULD YOU PLAY HALF OF THE NEW GREENDAY SONG? &amp
0,Is anyone out there?  Of course not... it's 4:07am.  I have to go to work early tomorrow and I can't sleep 
0,"Great, PC fixed, CS4 installed, but now the wireless adapter doesnt work! Of to buy a new one.... "
0,432 views and no takers...   http://www.etsy.com/view_listing.php?listing_id=23241867
0,"@JonathanRKnight...I saw the show in Columbus, OH on 4/4...tried 2 go 2 cincinnati, OH 6/27, but it was sold out  U GUY WERE GREAT!!!!!!!!"
0,i lost my nintendo DS 
0,@srrrah417 And snow to go with it 
0,i hate cleaning 
0,"Hard to watch the Italian earthquake stuff, so many old buildings gone,hope these aftershocks stop soon "
0,"Am meant to be lunching with some colleages who are in a meeting. I've no idea when they'll be out, nor if they'll tell me when they are "
0,"Today I am attempting to write some dissertation. It's very dull, especially with the sun shining outside  xxxx"
0,@ilovedricoll ohhh stupid whore!! argh  well it is ok . . i love you
0,unfortunately I missed out on getting a photo with ZQ  Zarina Gen &amp
0,@SophieClaeys Like what? There's nothing to do 
0,didn't realise she still had iTunes credit! But thinks she'll get in trouble if she downloads stuff 
0,just missed one of the most important parties in my highschool life 
0,Grrr I Hate School Thank God It Is The Easter Holidays But Still I Have Homework 
0,Damn blasted colds 
0,I hate waking up early 
0,managed to fracture her vertebrae. yeh... hurts just a bit 
0,I think i sprained my pinky last night  Its swollen and its hurting. Aww man.
0,@browserd you dont want to know 
0,wants his hat back 
0,sitting in the school library passing time till I go home. It sucks when you start to not like your job because of your boss 
0,has no followers 
0,@IslandPete So the island won't be available before easter i hoped it would be an easter present for the players 
0,is missing the Portuguese sun already 
0,"Squashing bugs left and right, good thing they don't have legs ! Oh man, I'm resorting to developer-geek jokes.   sorry"
0,"Trying to sleep but not really, I don't feel tired at all and I'm just hungry "
0,here at working going through SNMP trap logs....2 more hours and I'm out of here...didn't get to study 
0,@honeybeess Me too girl  Thesis thesis.
0,feels a bit rough today  soooo can't wait for this long weekend
0,@lindsayevans Thanks for the link. it seems that Penguin Audiobooks don't allow sale outside US  so no search result here.
0,@foxiehaha haven't heard from her today 
0,Off for my morning run through cold-arsed Boston 
0,i am going to eat some milk and cookies then going to sleep ZZZzzz....zz Nite everyone. long day tomorrow starts in 3hrs. yikes! 
0,off to work today 
0,@dastevens - Yikes! Stay in bed and forget the weather. Hope you get to feeling better.  Poor you!
0,how I wished there were zune for mac... not liking to have to move to use windows for interacting with me player 
0,tonight i am staying at my dads and then i cant go 9on the computer!!! 
0,I hate the V plotarc on True Blood  that poor chubby vampire guy getting staked was so sad
0,hating this weather... had to brng back out my winter gear 
0,Stuck in traffic going home. And tank s nearly empty 
0,Raining again  should really get new umbrella
0,"Ugh, big migrane this morning "
0,OK Im off to bed again 
0,@ravogd a spider? can it be covered when im round? slight phobia 
0,@suzimuppet sorry  wish employers had decency to let ppl know either way but keep trying!
0,@lizsong @amyseeley sounds like we all had the same day   here we are in a new one!  let's all cross our fingers.....
0,snowing again 
0,@Spike1506 lol i know 
0,"@Printenbaby Darling i miss you  We have to watch Jurassic Park, because you got the job ;) u know? xD"
0,"The weather is getting cooler, goodbye summer "
0,Getting my new bed today!! Yay!  Can't wait to sleep level again.  Just gotta move a bunch of stuff out of the way of the delivery guys 
0,was going to clean my car but apparently it's guna rain 
0,@Posh_Totty Because there is no one flashing their knickers &amp
0,"Worst combination ever: 2 cups of Coffee, vitamin pill, cereal and milk. "
0,Still very upset but strong
0,"Im up and awake finally, dont wanna b tho  xx"
0,flo the dog has had all her hair cut off  she's bald!
0,@eolai Tea is lovely - accidentally used two bags.  Blocking dog's hole involves lots of brambles. 
0,@Schofe are you and fern going to be on together soon? i miss your banter 
0,sickk   in class essay tomorrow last day of school on thurs woooohhh
0,getting ready for work 
0,It's snowing in April? I'll never get to go out and run around 
0,"@MarissaTree - ooohh i envy you, right there!!! "
0,@SalocinTEN: The same problem? I can't believe it! 
0,No Red Sox opening game for me.  Conflicts will prevent me from going to the rescheduled game.
0,@ExMi So sorry to hear you did not find your dog yet 
0,at the hospital getting my friend put in 
0,being ill on the sofa feeling very sorry for myself 
0,"@tedi31 no, you can't  it's an autorefresh of I think the past 48 hours only."
0,What?? Joe tweeted? What is his id? I am on the road I cant check 
0,is at home today...not very well again 
0,"is not having a good time, 2 cases of cluster headaches already this morning!  #fb"
0,not going to makke it to boling today  got no money!
0,just saw a bunch of dead pigeons on the grass. I am now a horrid mixture of sadness and disgust. 
0,"I plan on watching the Fast and the Furious later, but now I should really do some work "
0,at work and I'm tired even though I went to bed early 
0,exploring the world of twitter... going to town in a bit. don't want to. 
0,"@mmauran ahh, i don't know! i'm not escaping, but really, i dn't know.  for me, its an undefinable thingie... dsn't hv to hv a definition"
0,http://twitpic.com/2y9xm - this shit ball didn't come down 
0,Rickey Smiley is okay but I really miss the Big Phat morning show 
0,Dreading school today and tomorrow. Im going to get in sooo much trouble one of the two days. 
0,my fingers ache  they feel like they have arthritis
0,@Majestic76 hour just to check if Jon had twittered. Have a major headache fr such disruptive sleep pattern. 
0,My rattie is still sick has pneumonia n a tumor  im really run down n depressed n havin a fibro day.
0,@Chaddah I do too and my back is stiff 
0,Omg its raining 
0,Not very happy because my laptop decided to delete all my music 
0,had a lot of trouble sleeping last night. went to bed early and still had to sleep in an extra hour. grr 
0,"@sonaljhuj Yes, it is. Or maybe half of my subscribers left  - Again."
0,@Sami_ontwit pissed off and hungry with no where to go and nothing to eat! 
0,"Google, I love you, but I am having the utmost difficulties sorting out my accounts. I'm sure it's my fault, but just letting you know... "
0,"@ashleeadams if someone left a phone at my work i wouldn't go through it but its sad you can't hope for the same in everyone, hey "
0,Might go sit on the swing and do some revision later. I want to go on holiday 
0,@gemsmaquillage myn should of been here today but it didnt turn up  hope its here 2moz !! x
0,is having some sort of mind blank 
0,Oops. This stop was not calculated. Still in Tennesse 
0,"@emmabush Well, I didn't mention the stale Peeps. "
0,"@MarinaSg I KNOW, MAR!! I saw it in my updates!!  I don't understand.. are they changing again?"
0,"i miss cristï¿½bal, renata, alysson, lucas, mohamed.. oh, i wish i could see my friends and my almost-not-boyfriend everyday "
0,@lisiepeasie I'm supposed to be the one who falls in love with cute French ladies. 
0,wonders how how how !   http://plurk.com/p/n1czp
0,@kristinabitch I can't believe she's going to be gone in less than 24 hours. I'm going to miss her. 
0,is going to have to grab Heroes tomorrow 
0,no bloody poptarts at the co-op. i hate random cravings 
0,Ugh  no school pleaseeeee &lt
0,has neglected Twitter of late  I'm sorry twitter *snifs*
0,@fudgecrumpet You'll be there one day. 
0,Well twiter dont work with O2!! just with vodaphone 
0,@Zanna85 i don't like that day 
0,Is sick...half price sushi from Kumo did not agree with me.  
0,"@holyschmoke aw don't remind me, I love this time of year cos there is so much rugby on but it also means the end of the season is nigh "
0,Off to The lumberyard  
0,thinks the numbing is getting worse!! and fillings are much worse than I remember... does anyone want 7 easter eggs???!  xx
0,I'm pretty sure I have a small cold...ugh baby germs 
0,starting a short lunch break. must be short. my paper is not as far as it was planned to be at this time of day 
0,"waiting to go back to my cold, lonely student room !  booo."
0,@iamjonathancook have fun tonight. I wish i could gooooo 
0,@weirdchina I hope you realize that your website is blocked by China.. I live in Wuhan and have to proxy in to your site 
0,@j_e_p  me too 
0,http://twitpic.com/2ya1c - Good F'in Morning  Springtime my ass. Global warming?! Suck it!
0,@mileycyrus Aww  Chin up hun! You can do it 
0,CBI is Congress Bureau of Investigation. ...Ita a BIG RED QUESTION MARK on the capability of Indian Judiciary System... 
0,My Lumiquest Softbox III arrived! But all the batteries in my SB-800 are dead 
0,Thinks!!!!!! i should have rented wheelman 
0,Off to the office again today - going to be a BUSY day  So many things to do.
0,"Eating one of the kids' Easter Eggs  Oh dear, I have no will power ......"
0,my cat died last january- he was one of my best friends 
0,Oh and forgot to mention. I have no voice. 
0,@miafreedman I'm loving Harem pants at the moment! Seriously! But not the ones with a crutch to the knee! Ewwww 
0,is soo bored and  i just wanna go out and have some fun but thandis at some gay thing all day 
0,@ollyog I really am jealous 
0,okay off to do some job hunting.. can you believe a small gaming comp told me I was over qualified with experience &gt
0,Saracens losing Andy Farrell to retirement 
0,bad dayy 
0,is gutted my M.AC myth Lipstick broke after 1 use 
0,@JodieWanKenobie Oh yer btw before i go i direct messaged you  not good news im afraid :'(
0,@degrafik The one thing I have learnt is that Sinusitis is a pain in the nose! 
0,I might have to stop following that particular celeb its ruining my liking of him 
0,Yea!!! Calgary won last night!!!!  poor Montreal lost to Ottawa though 
0,@kristinabitch I can't believe shes going to be gone in less than 24 hours. I'm going to miss her so much. 
0,"I'm feeling ecstatic!! I met James Matthews and Josh Wilkinson and got James Towel xD, maan my ears are still ringing and my throat hurts "
0,@invokedprojects @kennymeyers There was a post about it. Playcode was Victor who had been previously banned 
0,@mileycyrus god we have a blizzard here 
0,@Lady_Twitster not really. 
0,ugh todays going to be so bad 
0,"Great, it just started to rain "
0,So tired of crying... 
0,@ABIBAN ohnoes  what's up bansal?
0,my trainer calls ... I have to go to sport 
0,"@thatswhack74 aww, thank you so much! i want to see it too "
0,MAKE IT STOP  fu headache and cold why the hell do you come at such wrong times.
0,"bahah, two days before my birthday, i'll be in the shittest mood ever! D: beware of seb on the 28th of April "
0,@Nathaniel_3 well im someone's bitch. I cant say no cause i feel guilty. Even though i hate it. And my arms are sore from moving fixtures 
0,So far not much going on today.  We will have to wait and see what today brings I guess.  Another yucky day out though. 
0,"omg i slept 2 hours, this sucks. now i'm off to school until 5:30  then i have to memorize my french oral and study for exams :'( too much"
0,Up early and off to work till 6:30pm. 
0,Bleh late for work 
0,is wondering if she smells? Why else would her two best friends in the world leave her 
0,Just woke up. I need more sleep. Funeral at 12 
0,Just got a call from the s2bx: my little one is sick and wants to stay home today. 
0,@Britta_04 nawww love dont be like that 
0,Yeah... Can't do this... But gotta find a way to just be okay. Buttercup can't cheer up 
0,@andrea_space we have snow still 
0,chicken on my sarnies makes me sick. why oh why?  ill have to get a heinz BIG soup later on
0,jquery is bringing me down 
0,"I was gonna go dig up some stumps yesterday, then it snowed! after a month of 50 degree temps, it's back to 30s and snow! "
0,@NineBlackAlps Yeah I was looking all day yesterday for it. 
0,need to do some work. 
0,no eyeliner. i feel naked. leaving the flat now to get to the shops for my mum. and i might text my boyfriend. i miss him 
0,i'm working 
0,It's too nice to go to work 
0,doesnt want to wake up at 5am for work  not cool
0,"@cottoncandizzle Ur SO right.. I wish I was in NYC, too.. Or Los Angeles.. Las Vegas.. Awww &lt;/3 "
0,okay wow apparently my bus already went by. now i have to walk like two miles to my school 
0,"back at work, haven't even managed to get through the new emails in my inbox yet "
0,is well bored and has to wait for 3 hours to start getting ready 
0,"My internet is being painfully slow, it hurts "
0,It's so cold this morning! Not even 40 degress today. I'm wearing 3 layers and still shaking. Brrrr.... 
0,the 15 min nap at my desk din help 
0,@sausagesmcgee  sorry to hear your cat died.  That's always shit.  I miss mine immensely (he's in the UK still) 
0,"@Ailsa_Brown lol. Only 4 more episodes in the season, too... "
0,Shame processing pics isn't as much fun as actually taking them  .
0,"just woken up, finally got to sleep last night, alone, on the couch  watching one tree hill eating cheese and crackers!"
0,"@plastikgyrl Gah, of course. HUGE mess. "
0,"@Darnell hmm, still a nogo. Up here in Canada we're pretty restricted to what tv we can watch online because of copyright laws. "
0,Taling the train in sigh 
0,wishes she was talking to Joey right now... hes the only one that seems to be able to cheer her up lately 
0,@poidge ul man 
0,@mubix but they don't care of the implications of that information. Frankly too few care about sec when lives are at stake 
0,"I'm trying not to do anything today as I probably have the flu, but still have mtg with my adviser, career fair, chem quiz, &amp; group mtg! "
0,"Wow, certainly are a lot of magazines closing down. "
0,"Just booked a dentist appointment, what joy "
0,Ugh. I didn't really finish my CS  I turned it in as is. I will be able to do better now though. Less distractions. lol
0,I really hope I don't die before I get to meet Prince.. Seriously.. I will be a sad corpse.. 
0,"@allaboutenergy Do you happen to have this song in your collection? http://www.amazon.com/I-Am/dp/B001CQ6578   I cannot buy it, USA only "
0,@Lady_Twitster Only managed two this morning. Bit depressing really. 
0,@mikeboyd  anyway if they go... i hope there will be a caffine replacement in that area 
0,@Tracy_R Evil!! I have a prawn salad 
0,"@kristenkreuk Hey Kristen, thought ur work on Smallville was awesome, havnt seen SF (not released in Aus yet)  Any new projects coming up?"
0,just woke up...its cloudy in the virgin islands  only two more days here til i have to go back to seattle
0,@head_bigg The mad marathon of Gears 2 sessions has done my Xbox in LOL! RROD last night 
0,@scrumptious1 haha i know! i missed the series premier of greek too! 
0,@sannewielenga I want/need them here too 
0,ugh.  i wish someone would make a dA script to make it easier to remove people from your devwatch   what a ballache!
0,Noooooo the orioles beat the Yankees 10-5  need to get to bmore to see derek jeter!!!!
0,"@foxiehaha I wish, going for a blood test tomorrow am not well unfortunatly "
0,tweetdeck seems to have died on me  Need to find a reliable twitter platform. Any ideas?
0,@tinkissarah Have fun!!  Am off to do some cleaning at the bungalow 
0,"picture, check... cell phone approved, check... now I just have to figure out how to get followers  it's lonely in here"
0,it is way to cold this morning... i dont wanna get out of bed... but i have to 
0,"Once again in the library working on yep, you guessed it my filiocht bhï¿½il essay! I feel i have been banished to this awful place forever "
0,@rach210 mhmm coles deli i hear we are getting feral brown shirts soon indetad of our lovely blue 
0,"@Frostee Sweetheart, he's from Russia...  I think you're stuck with the snow.  "
0,"Sun and Dï¿½ner, what a great lunch break. But now it's project time again  Upcoming meeting: Masterplan - sounds important BUT IS  ..."
0,My &quot
0,Just had lunch and now its back to the grinding stone... Wish I could be at KKNK 
0,@mileycyrus GOOD LUCK! i wish i could be thereee 
0,"Just woke up, god I feel lazy. Shower time then off 2 the bank before work at 11 "
0,"a pic, and the darn thing flew off before I could.  I can never get those close up shots like in &quot;Birds and Blooms&quot; "
0,If today wasn't shit enough I just ate a mouldy roll 
0,Too much booze talk... making me miss it a lot 
0,I hate  dual carriageway roundabouts. So much. 
0,Going to The Works later for another &quot
0,"@louizah just watched the repeat of Zain challenge...smart kids!! i feel so blonde  What day &amp; time does the show air in TZ, anyone?"
0,At the school for the disttict track meet. I don't wanna go 
0,Have to wait 45 minutes for the next bus home  I need my own car so bad...
0,can't get TwitterBerry to work 
0,"Wondering where I can find the last ep of Old Harrys Game... the R4 website redesign is pretty, but not helping me atm "
0,i wish i could go see day 26 today  i hate suite 98 they tease all the 20 y/o's ugh!!!!
0,"@beckamcmaster general cleaning, very dull "
0,no one wants to ring me  lol kidding im hunting for zombies not witches (Y)
0,Wicked was mentioned on This morning - I heard it all the way from upstairs - Alexia Khadime is coming back in May and Kerry is leaving 
0,"@nice_n_tidy Sod the rats, it's the squirrels round our way "
0,"@Lairosiel oh no, I hope he's ok "
0,i'm starting to get really fed up with this now. she doesn't like you! just realise that already and come back to me 
0,"Aah, freshly showered and shaved, just wish I was  outside in the sun rather than stuck on the laptop working! "
0,@seishinseii Tell me about it! Hence why I hate stupid stickers. 
0,@AAS No it's definitely not working for me.. 
0,I need a hangover cure 
0,"@garkbit No idea how that thing works - I put my own ID in there and it recalculated with me in 10th place, didn't see you though "
0,"@paulfisher Have sent you an e-mail but not sure if working as haven't received anything all day     Or, I'm just unpopular!"
0,Chocolate milk. I feel sad that updating this may be pointless at times. 
0,@ChronandEcho Your sports editor never got back to me 
0,@Mertmat My guess would be &quot
0,@mileycyrus goood luck today @ G M A .... No one would take me  I love you!!!!! We are in the same state
0,@charliewalduck It's the budget in Ireland. 
0,Having a 'working from home' day - got one of those lingering cold bugs that won't leave me alone 
0,Late to work and still feeling like poo. 
0,ew i hate when i put lotion on before i sleep and then my roommates turn up the heater! i slept 30 min and now i have a full day ahead! 
0,@jemcam Thursday i am doing nothing. @russbaker is working though  we can still hang out though. what are your Easter plans
0,I dunno what to do 
0,@lickmycupcakes Oh poor puppy  whats wrong with him
0,i hate being sick  damn cold
0,I'm obssesing about my weight! Gah! I can't stop thinking about the lbs. I've gained!!! It's making me upset 
0,Call me retarded...but i just figured out how to see my @ replies on here...my Twitter game is not on point 
0,misses my student days... those days of sitting with a book n not getting up until it was over... 
0,@offtheceiling tired  I think petsmart may have liiiied to me
0,@chrispople didn't see any in Whole Food last week @hollowlegs haven't seen any there either 
0,@DonnieWahlberg I think you have the power to do something about doing a show in MTL.....don't loose us or you will loose us forever 
0,@davidlink awesome to see you'll be speaking at WordCampNOLA. Wish I lived closer 
0,Trying to talk myself into being excited about a long day at work!  
0,@Morticia626 I got chastised for kitty punting with you yesterday. 
0,making ~/images/too_big_for_flickr/.    didn't realize the 20mb/file limit applied to pro accounts.
0,@Phoenix165 That's what happens what you put a trickily worded Proposition in the hands of the electorate rather than the elected.  
0,I need My voice back... 
0,this is siiiiiiick. my server wont lemme go to YouTube  *sigh* i might be on a YT break for a while.....idk.
0,Found it.. bloody iPlayer tho  hate that thing with a passion.
0,all nighters aren't whatsupp 
0,"...another long day ahead. I think my voice may be returning, but my head is still pounding.  Is it Friday yet?"
0,I woke with an insane headache this morning. 
0,"I spent 52 paying bills today. Goodbye money, it was fun while it lasted... "
0,Bah! Just found out we didn't win a pitch because the client felt the team didn't click. What are you sayin? We're not cool enough? Sad. 
0,"just uploaded these pix - April 7th, huh?  Could have fooled me.   http://is.gd/rbg9"
0,New interview about Wolfram|Alpha http://tr.im/in2l  Insanely cool. Can't wait for the launch in May  #wolframalpha #search #semantic-web
0,I can't believe it's snowing 
0,It's too cold for spring 
0,@edsaint awwwwww.......wow I'm such a girl 
0,"ughhh schoool sooooon  (i'm holding every breath for you &lt;3) [Tila i love you so much,thank you for everything!you are amazing!xox]"
0,Starbucks. I need coffee!!!!!! Then school 
0,why am i still up. Great now I have to shower and go to class. 
0,back from dentist  mouth is numb and it's all shitty.... fucking fillings 
0,im bored and have nothing to do... plus in pain cause arm now really weak and hurting after the hospital 
0,"Work work work, I hate weekdays "
0,...hurts  but u just gotta keep on goin or crawl under the duvet and hide
0,gahhh why do I have to be sick before NYC!!! 
0,i just lost my ipod 
0,still working 
0,"Ah the sweet sound of chaos that is school holidays, I wish I was fit to work all day and let wifey deal with this..alas it's not to be "
0,Just enjoying a rammed post office experience 
0,@mitchgdodge well if you told me you wanted to go I had an extra ticket for sunday  you missed out it was hella fun.
0,"So...exactly why is it 35 degrees, when it was 70 Sunday??!!?? Cuz I'm in Cincinnati, that's why!! "
0,"@ahkai 1 death, 1 miscarried n 1 still critical condition is v grave "
0,revsion classes were a bore 
0,@hollykins83  oh hope its not to bad I kiss it better
0,FRIEND REQUESTS ARE EVERYWHERE!  *inhale exhale*
0,@bigste78 I wish o2 would do better deals on the iPhone 
0,no MaltEaster Choccy Bunny today though 
0,@jwbrown83 it wasn't  bk down again now
0,@tonistack telfer etc etc. fucking bunch of wangs. 
0,@stroughtonsmith fuck why couldn't they hold it on a weekend I have school 
0,just realised how gutted she is to return back to London without The End 
0,"really wants to see Snow Patrol live again, seems like months ago and it was only 3 weeks "
0,ahh wait im not 
0,@simonwheatley background is that cafe and bookshop in didsbury. One effect of colour sorting is realising I have only 6 orange penguins 
0,Goodnight&lt
0,I was wrong! The Sun is not shinning! It was the light on in my room! haha! It's raining here!!  And cold and WINDY!!! LOL
0,So yep got about 2 hours of sleep 
0,"@David_Laing I saw that, wish #Virgin would do that! "
0,is not at all excited about packing (all over again) and putting up at someone else's place. 
0,"has arrived home and wet. I mean, TOTALLY WET "
0,see? my life is gone really flat! CRAP! 
0,Not feeling too good today 
0,@mesirii No!  Ad-hoc meeting spontaneously turned into code camp.
0,@tommcfly are you coming to play at Plymouth again this year cus i cant go to the ucap tour cus you arent coming anywhere near me  oxo
0,Someone in SWEDEN didn't like Mystic Myre http://www.smartestgames.com/gotd.php 
0,"back in the land of the living, but alas, have head in work! "
0,"seriously...if I had only stayed up for 1 more hour, I could have tweeted with the boss.  "
0,Blah sick not going to school today 
0,@PinkTowerLady Good luck to you! We start testing today.....no peace for us til Friday! 
0,@bramstadhouders It's easier to feel connected through mutual pain. It's closer to the general level of consciousness of most people.. 
0,i'm hungry and mommy isn't hereeeee 
0,Wants to watch Primeval... But can somehow never find the right time... 
0,Being ill sucks! 
0,is not having a good day today. 
0,9:30PM! So I asked my teacher if I had to speak about my project and she said noo! I am so happy. I might have spewed up! 
0,@SarahStewart better excuse than &quot
0,"Oh snap, bars and #liquor stores aren't open on the statutory holidays during #Easter. Stupid retarded laws "
0,"woke up about 4:30ish very wet ,changed myself  still tryn to go back to sleep,not lookin good tho....."
0,"There is much to be said for drunken singing. Shopping time now, plans for party under way! Doctors apts   but must be done. SPRING HERE!"
0,"Dear Pidgin development team: Please please please can we have a notify for the IRC client, as I never read it until they have gone again "
0,@wzzmypantz 12 hours + on doing 3 of my assessments which is due tomorrow 
0,macbook air has arrived  have to wait till 4 till father retturns 
0,haha .. i dont have many 'followers' or 'followees' 
0,"can you not find a list of songs by each band on blipfm, or do you have to search for each song title individually? "
0,"- Listening to the new Eminem track...Same formula as always - Funny track, serious Track, track about killing someone, the end. boring "
0,"(@humanPincushion) Oh snap, bars and #liquor stores aren't open on the statutory holidays during #Easter. Stupid retarded laws "
0,I'm trapped in my a fat and old body ! I have no choice 
0,@PYTweet nahhhh...tell me y JJ Fad &quot
0,@ijustine Are you a big LOST fan? I missed it.... 
0,@pfortaleza It won't be for long. More rain and wind coming 
0,ok but in for an op in 3 weeks and a biopsy  
0,@Willie_day26 i really wish i could see ya'll tonight but i live in Lansing so i had no way of entering in the contest  sigh
0,Heading off to my hell. Need a vacation badly! I'm 32 and haven't been on one since I was 16. Can't afford one though 
0,"finally back on track in the studio, lost my cubase dongle in miami "
0,"Not much achieved, time to rethink plans for day  Neck pain not helping matters."
0,well after our sunny weekend we woke to ice and snow this morning 
0,heading off to workkk 
0,http://news.aol.com/?feature=416950    Very sad. 
0,Can anyone recommend an air filter for cigarette smoke?  Neighbors smoke heavily &amp
0,The result is tomorrow! Oh nooooo! 
0,Morning. My exit interview got moved to Wed. Today I will focus on prepping my iPod lesson... by updating &amp
0,"@tiffanymarie_x3 Haven't been to bed yet.  The perks of unemployment  And yes, apparently your TwitterBerry updates DO come through."
0,"goood morning sheffield, who the fuck text me this morning? a kfc and 3 mc'ds in 2 days is not healthy "
0,Off to the dentist... It is snowing - hope the roads are okay 
0,Stopped at the grocery store before work and picked up some salad.  Wings won last night.  So sad about MSU 
0,@TomFelton It's playing at the West End? Too busy seeing Equus to catch it before it closed. Blame Dan. 
0,"it's snowing.. in april. ugh, sometimes i hate pittsburgh. i miss la  "
0,Spring time is over  http://twitpic.com/2yagh
0,has no followers 
0,@luk3y_ I'll never find that mystic dream 
0,laptop charger is broken - unless a little cricket set up home inside it overnight. typical at the worst possible time 
0,Thinking of the fun we missed last weekend but had to work 
0,@daibarnes I've just looked on your list and it isn't there  http://www.diigo.com/user/daibarnes/moodlefairy?tab=250
0,"@Redd205 it sure will .. &amp; since i'm a responsible mom, i dont have random men in my bed  and i have to use my imagination :-D"
0,nt far i want to go c the boat that rocked but no one will come with me nd i'm nt travelling 2 canterbury on my own 
0,"Ugh I wish I could do a redo on all my sleeping patterns they are so messed up. After getting no sleep sunday night, I slept 4 hrs yest "
0,The pool was actually closed! couldn't even swim  good thing i biked and ran this morning...even on a busted foot!
0,Getting back into the grind.  Wish I was still boarding in tahoe 
0,@ mileycyrus: man it sounds like you had a rough night  i'm sorry. Hope ya get some sleep soon!
0,Queing for the front seat on colossus paid 9 pounds for all 3 of us to jump the 2 hour queue 
0,is not in the mood to work today  bring on my day off tomorrow!!
0,Cant seem to shake the blues away 
0,boo not getting a puppy anymore  the mum mauled them  it such a shame tbh
0,Snow in April is really depressing. 
0,@moderateorgood how long were you planning to live? Life expectancy in Lewisham is low 
0,not having a car sucks.. what a bad week to get my car taken away 
0,"Im tidying my room, Why are school holidays so boring? "
0,I just got denied ~sexual contact for a Disney movie with The Rock in it.  I am none too pleased with this.
0,got my dog at the vet for heart surgery.  
0,duunw how to use this thing 
0,feels really ill 
0,at the airport... its soooo cold and the walk is soooo long. 
0,"@MistyDavies Nope; remember, I have not (yet) upgraded to a *Book with a built-in camera. No camera=no iSight. "
0,Morning followers! Finally changed my Twitter name...only a day after I originally said I would Haha. Can't film today.  Will try tomorrow
0,it's not easy to fly from BOS to SLC 
0,@Phoenix165 California is what happens when you put a trickily worded Proposition in the hands of the electorate rather than the elected. 
0,"@sarahlouisex I fell asleep early last night so I couldn't shower, I'm wearing sweats and glasses. And I feel like shit  I wanna go home."
0,@iamcheerbear don't hurt or hate me! I mayyyyy have lost my ring 
0,@BennyGreenberg It's beginning to wind me up now because it always picks the worst possible moments to freeze 
0,"Heard AT&amp;T selling mini laptops for 50 bucks. Got excited, then learned that the special was only for Atlanta/Philly. "
0,@xx_maria ugh sux2bus. i'm on prepaid as well so accessing the net is bloody expensive! &amp
0,is killing trees... I mean downloading important educational research 
0,long day today 
0,a friend broke his promises.. 
0,@gjarnling I am fine thanks - tired 
0,trying to keep my eyes open..damn baking 
4,"@BrianBlanchard Look at the last 4 hours of Twitter. Know any big CIO's who's open to the implications of Twitter, um, dedication(?) "
4,@PETES_WORLD I'm certainly not 
4,Fuck i love the chelsea lately show. Shes hilarious 
4,"having great time with my friends,, "
4,@elin_jonsson Hi darlin`  Have a nice time at work lots of love #BSB
4,almost 3000 views on my YT account 
4,@ameliaarsenic  good good 
4,@TatumCrunk Hahaha Jessica alba qualifies as a follower  So what are you doing?
4,@portia_de_rossi  sounds like a great plan!! My wife and I love you guys 
4,Finished work out had a bath and relaxin on laptop 
4,@ericnakagawa Zippy's has a SINFUL creation called the chili moco which is...very very good.  
4,First day over.  Happy to see my friends. 
4,"@marko_c Yeah, he has been almost bragging about it to everyone. Can't wait to leave "
4,Finally finished her studio piece ! it was a long haul!. Pumpkin soup for din din 
4,is glad that she only has one more chapter left to revise 
4,@amyob Hah! Lucky! Wave at her for me! 
4,http://twitpic.com/7gekv - haha i love my shirt 
4,at work 
4,brownie points for Leanne 
4,@jbmcdlts I'm at my Nanna and grandads so I don't know &gt
4,@Miss_Bevan Morning  Oh no! Why didn't you have a weekend? Hope you get one soon.
4,"went to ur mansion, wow "
4,"@against_stars NO NO IT'S OKAY I'm so flattered that you would do so-! ;_; It was a gift for you, anyway, so do whatever you like. "
4,awesome night 
4,@mvheath piccies on the way 
4,"@jordaaaannnn yes, yes they were. we went from my club to the beatles  we deserve a award. Norning |"
4,just joined TWITER 
4,@kricket_rc234 ate kricket i sent it na po to your eadd! thanks so much po! 
4,@monicacesarato many thanks for the #followfriday 
4,@peterford  Happy Birthday! I'll buy you a pint when we meet up this week! - check your dm's 
4,@DSotnikov That's why I use Digitweet.  I liked Tweetdeck but Digitweet much nicer 
4,"@Akito_Nagakura hello, there, tnx 4 the follow "
4,@chrisbrogan Indeed  Just started Crushin it @Wfxl FOX 31 Let's see what we can invent from the inside eh? Always good to see you friend!
4,I mention voda in a tweet and looks who wants to follow me...@EasyDrinkRecipe / Instant Bartender    
4,I am just about to hit the gym.... I will have that Bikini body! 
4,"@SEGA Us PS2 owners are deserving of one last classic gaming collection before the end of its lifespan  Hint Hint Nights, Sega Ages "
4,@sumioturk haha  what's happen?
4,@Terry_McFly Mmhmph 
4,@dreamer0387 love ya too M!! can't wait til friday!! ttyl  Im off so call me if ur bored..or when u wake up haha..which ever comes 1st LOL
4,"@jaketaustinfans Keep up the amazing work, and keep promoting your idol, who deserve all the support of the fans "
4,@phoenixpwns Oh I was like OMGWTFBBQ! Horray! But now that your not leaving I'm really bummed.... Haha nah  just kidding man 
4,@Tejasvita  at the bottom right corner..there is a speech bubble...click...type..enjoy
4,@followCOREY lol 
4,"@lintangparamita I suppose so tang, mikirin kedepannya buat ngelaksanain aja dah bikin headache, anyway don't be so preoccupied about it "
4,@elliotsegler definitely rotto is top priority! i cant wait for it  glad its healing nicely. cant wait for exams to be over!
4,"just got up, watched jeremy kyle and went for a run... "
4,Hmm...no thanks 
4,"had the best saturday night, i wanna do that again "
4,via @AsiaBrands: Thanks for following me! I look forward to your tweets  BTW you might want to add me on Facebook as well! http://bit. ...
4,@DitaVanDracula @_sophiesoph I think I could keep it on all day and stay entertained.  Maybe there's a Beyond Belief drinking game...?
4,@kairoer Thanks!  Hopefully I see you soon in Oslo. 
4,Panglima TNI n Menhan dipanggil Presiden... More funding for the troops  Ambalat ambalat ambalat... Gak bisa dijaga kl heli jatoh mlulu
4,@mekkanikal Oh I called my friend who works there  They were all kool and watching standing out since they were early evacuated. Alarms.
4,is VERY pleased... WE HAVE SUNSHINE!!!!! 
4,"@natobasso wasn't asking for a service like bit.ly, but a telecom email2sms gateway. twhirl uses bit.ly. i like hurl myself  is bitly bad?"
4,http://twitpic.com/7gel8 - Pete was nice  2  
4,"@bitsy_b heh, with the guerilla knitting on Sat &amp; Stitch and Bitch on Bremner last night, my feed is all taken up with teh knittings "
4,@gx3394 IT IS FUN  fb keeps shutting down or taking too long on my phone as well. twitter's fast &amp
4,"Belated #FollowFriday thanks to @Twiggero, @NorthEastTweets, @thefamouslemur "
4,didnt kno she was a gemini  lol u can tell im bored
4,@LaurenConrad yess u take a lot of pix and upload them wanna see everything abt ur tour 
4,Phew!! Back down to 770 followers again..that was weird!! lol I went all through my followers there and deleted a few bas uns too!! 
4,@songjunkee1018 sounds promising! will let you know as the week rolls by 
4,"@KamMartinez btw, if you have time, don't forget my drabble bankruptcy posts "
4,This is a status update to twitter from ICE  Timestamp: Mon Jun 15 12:03:53 CEST 2009
4,is new to this and needs friendS 
4,@ste_routledge Cool cool. Oooh BBQ food! 
4,"DTAL tomorrow, should probably take a pillow or something. 9 days! "
4,says she's gonna stay up till the clock strikes 12 and wish winona(L) a happy birthday! 
4,"Ah, who cares? To baixando True Blood. "
4,bom dia twitters 
4,"@UluvUY Hope you feel better, Sammy "
4,Good am everyone  had a fantastic time with friends ysterday evening! What a blast-- memories that warms the heart x
4,Some companies really don't want to keep you as a client   Bad luck for them.
4,time for some #squarespace love again? 
4,Catch up with the latest The Sims 3 news and views at Sims 3 Website.com!  http://is.gd/P6MN
4,@bindii_bby haha believe what you want  ill be with short stack in 10 days and youll be full shamed out  suck shit !!!!
4,I married a man who knows me well    Now to convince him that he should buy me a snow leopard...
4,@girlygeekdom thanks for the bowldro link - never heard of them beforehand. Great stock 
4,@jordanknight U 5 guys could be standing in the north pole and it would Still be HOT HOT HOT!!!   xxxx
4,@BlowhornOz AND talking on the phone 
4,Listening to JVA remix of Surrounded by light.. nice remix 
4,"@PaulKCMF Wow, loving the photos http://bit.ly/pfTHY of Chartwell - great time to see the gardens - blooming marvellous "
4,backk  twas a good catching up. now heading to shower and then wedding dinner!! )
4,@joshthomas87 geni went thought you'd like to know 
4,4TUNE8 MySpace Featured Artist Voting! VOTE &amp
4,@Roseshouse good morning to you too 
4,"LOL me &amp; @lilbabygirlloz are the biggest dorks alive, we're getting out Kevin McHale ONNNNN "
4,"home, economy exam done!  2hours but done.."
4,scored some awesome furniture in a house clearance over the weekend. Flat is looking pretty good now 
4,@sareuh @whoa_itsvictor yah creepy as f. on a lighter note
4,@mirthxx LMAO!! Def think celebration by con is required 
4,has a day off  yay
4,@superkas83 I no els has cridat? quÃ© bon al.lot ets 
4,Have a fabulous day guys! I better run. Work is flying off the shelves!  Literally! @missdmaree @thisisScoMan
4,only realised a while ago that the 26th is now next week! on to ladakh next week! woooo 
4,@KaiLinKoh 14th June was the day i got saved! haha! same year 2003! 
4,Ok. Just finished our homemade nachos! Now I'm off to build Stationery Kits for 18 Primary classes... I know. I have ALL the fun 
4, today is a beautiful day.... love u all &lt
4,i am back from japan and my holiday!! Had a great time thanks to all those that have followed me whilst i have been inactive 
4,tweetdeck now down to one column - this is a lot better as I don't have to keep on clicking refresh! Thanks 
4,Need to get back on the Twitter train. That will be one of my goals this week. 
4,Excited for tomorrow ) First day of classes... 
4,"just got into bed, my mum must have my electric blanket on. what a nice surprise "
4,@SuperWiki http://twitpic.com/6izvt -  This was soooo awesome! He was all: what? nooo you don't get to see the picture!!
4,@NathanFillion: I believe it's Wookiee (double e)...  Better get that right - you don't want to anger Wookiees by misspelling...
4,"im not going to lie , waking up to damned if i do ya (damned if i don't)  makes it worth getting up so eary "
4,My beautifull Prom dressss  http://twitgoo.com/st45
4,@wonkots42 just relax. you'll do just fine 
4,@cdemetriadis Î¾Î­Ï?Ï Î³Ï
4,tomorrow is gonna be great....SMILEY 
4,@heybonnie thanks 
4,"my desktop makes me die off with happiness  okay, need to do shit before I leave for my exam. ick ick ick ick. outty xx"
4,@mattbeetar thank you thank you! I shall try my best to make it a good one! 
4,"got my @UBank USB drive today. unlike some people, i won't be hacking mine...just don't have the heart  "
4,"I wish that i was still asleep, but LAST DAY OF SCHOOL! "
4,@MadamSalami I will see if I can't find you a nice simpe one 
4,"spoke to sisso, 9 days!! "
4,@mileycyrus pleaseee come to Malaysia!! PRETTY PLEASE!!  xoxoxo
4,@rosshill re Hunch: I thought the questioning would ever end! and they said Twitter was a time waister! I know so much more about me now 
4,"@frugaldougal I bet! It's hard enough keeping up with 1, much less 2!  lol  Have a great day! "
4,FIRST day was blahh  medyo minalas ako :| aahaha
4,"Chocolate and retail therapy. Even in small doses, together they make everything better "
4,@MonaMinx think i might come down for the weekend  friday to sunday/monday see a wee bit of London xxx
4,Randomization of thoughts...                           ...can lead to madness or creativity! 
4,I am SOOO enjoying the T20!   Are our Boys great - or are they GREAT!!!!
4,@mylove_gee_MCR  hell yeah my girl @Isil_Loves_Mcr is fuckin hot 
4,"@KayeECA haha, i agree.. "
4,@clicktokill yeah so come for #ShootUrTweeple #sgtweetup 27th June yeah 
4,1st REAL solar power plant in Israel. Sweeeeet.  http://bit.ly/tffa8
4,That someone just made me smile 
4,@ivana18 Is your stomach better now btw? I hope so 
4,@sinosplice Speeding it up would be on mine. 
4,oh I had an idea 
4,@HoptonHouseBnB Threaten to leave the bank unless they remburse you - usually does the trick! 
4,This is a status update to twitter from ICE  Timestamp: Mon Jun 15 12:05:34 CEST 2009
4,Getting out of bed to make some pancakes 
4,@billyraycyrus  hooray for us aussies 
4,twitterrific 2.0.2 has resolved my API error. Whoop. Normal service can now resume! Thank you 
4,@lejjewellery Its coming to you then 
4,Finally getting around to watching the season premiere of True Blood. Not having HBO sucks. Thank God for the internet.  #TrueBlood
4,@iroshsm shes good and shes in makro now.  i dont wanna go anywhere today.. : |
4,@nlovesaandt neverrr dont leave  ahaha your &quot
4,@punkpolkadots such cute pictures!! 
4,@jesslovespanic I'm going to tgp 
4,"The rain just stopped - It will probably start again soon, hehe "
4,@OMGia thankss! 
4,"@Franklero um, you look like the rocker version of carey hart  dont you think so?"
4,"@Schofe Ha ha ha, that's a random shopping list you've got there "
4,Like the vet already guessed...la dolce vita! 
4,closed my cable position with 30 pips 
4,@KyzFOHmerch your amazing 
4,"i just had the weirdest dream, it was sooo cool "
4,yum yum - chocolate shortcake biscuits...They help the rainy day blues! 
4,It's Monday...back to my day job with its endless learning curve. 
4,@georgie_sarge sweeet  you have more time to do it then haha
4,yay! booked for Transformers 2 at the Imax... More robo-carnage awaits  
4,"boreeeeeed, excited for britney "
4,My brother is in the front seat talking about Cardio with this young lady..omg smmh in wowzer land! They are cute together tho 
4,@seto_hendrianto I rather eat than sleep! 
4,"@enda, so your dad is 3 days younger than mine "
4,@creativemachine I now know everyone you stalk. 
4,Bonjour Twitter  #squarespace
4,"Tired..must..wake..up. Yes, I have a case of the mondays! "
4,@kottarainen worked a charm thanks 
4,"i'm so excited for tomorrow! woo, school, i wonder if we have training tomorrow, hmm, gtg guys, tty real soon! God bless and take care! "
4,@monashoj ello there mona  my teeth hurt 
4,@IanAFletcher lol its fine..back down to a measily 770 again!! 
4,"http://twitpic.com/7gen1 - Cover of Demi's new single &quot;Here We Go Again&quot;. Her new album, of the same name, is realeased on July 21st "
4,I've got to get going.. I hope everyone has a sunshiny &amp
4,THROUGH ANY 2 POiNTS .. THERE iS EXACTLY ONE LiNE  [ GEOMETRY'S POSTULATES ]
4,@ashleydc Your fingerless gloves are done. Chris will give them to Jeph on Thursday. Speedy recovery! 
4,"@abideedles Yeah, it's pretty rare in this house...lol "
4,@Sazzle_Bags lol i know i know but i need to look for jobs today and dont see me going out...tomorrow will be full of adventure day  lol
4,"mmm, vodka and raspberry slushee xD yay for poker machines haha. $2 in is fun "
4,our film came 2nd in 24 hours film challenge...Very happy and proud of our achievement ..well done everybody 
4,@katkins1982 Sctatched?!? Chewed through 
4,@thataanggita thanks fo following me yaa 
4,LOL I love the Dark Knight! 
4,last week of the year is underway!  i can do it
4,@daphneblake did i tell u im goin 2 c wicked?! im so excited 
4,@samkathleen I think so. I like that. How old school! 
4,@wanderblah please show 
4,playing Wii while listening to music...and on Twitter 
4,Goodmorning!! Had a good night rest.! Beybey hangover  Go Lakers congratz champions
4,Sheep LED art  http://tinyurl.com/9w4o9c
4,drinking soda again 
4,SUMMER IS GREAT.chilling&amp
4,"@blackrosefrvamp : eh cing,follow baling ya! "
4,@karinbosveld Invites me? I don't think so... it's women only.. 
4,"@Wafirosli HAHAHA Don't let the bat punya urine hit your head or you'll go bold :S But yeah, it'll be awesome if ada small tiger  hahahaha"
4,"@chriscornell man show last night was savage, come back soon "
4,@bradiewebbstack heyy! thanks for making the 11th the best day of my life  love youuu
4,This is a status update to twitter from ICE  Timestamp: Mon Jun 15 12:07:14 CEST 2009
4,patterns all cut.. excited 
4,suck my duck. 
4,@Velasss @silski @mirandameulia thanks for the suggestions! they're all on my list 
4,@PrincessSuperC bye SuperC!! GOOD LUCK IN ALL!! 
4,Noon gun's finally blasted and i'm off to lunch! only 5 hours till escape and bday dinner awaits 
4,I have heard that some writers leave a sentence unfinished so they have something to start from the nex                                   
4,I could seriously scare the shit out of my pregnant buddy @emmalina right now but I won't. Not until the baby's born. 
4,@Dutchcowboy tommy will do 
4,made my day  http://img32.imageshack.us/img32/1802/200902111426r.gif
4,Good Morning all.   @joelcomm @jakepress @foxandfriends @2createawebsite @ClaytonMorris  @THE_REAL_SHAQ
4,@pingpingss dope t-shirt. I like 
4,currently working on a new layout for my site! 
4,I'll be back later 
4,Enjoying the nice summer breeze in the south of France. 
4,going to work... still trying to figure out what the hell i want to do with my life 
4,Plumber here today and he's an ironman competitor who knows his bikes.  Think he'd rather talk cycling than work on the house 
4,@TheSUPERGIRL i cant run right after NOM hehe so its a weird complex hehe... trying to find the balance 
4,It's nice and calm today  me likey  I hope microsoft has something good to say tonight :p
4,"Going to my Nia class now - Yay! A wonderful form of healing for mind, body &amp; soul! Back later! Spread the sunshine while I'm gone! "
4,@soniiic it was worth a try  I found several others (vertical as well) on Ajax pages. Maybe there..?
4,it's time to go home...... bye all  have a nice day good day
4,"@ManiacD Yeah. I'm cool with that, just wish they wouldn't blow it off as irrelevant after making us sit through it "
4,@Ormo_atNormo I assume that's a callback to the study tasers? 
4,YAY... im following more people  Now even MORE interesting things to read =P
4,"jonas brothers have a song feat miley cyrusss , oh yes "
4,"@Parsnipzilla Idn, I just saw that you wanted to be included so I included you "
4,"@Barcardicider I'm sure you'll find a way. If not, tell them you'll need the Internet to research your enviromental findings "
4,"@dmha i wouldnt know, but i can try and ask my friends in germany. if there are argentinians in germany, there should be alfajores "
4,"@cglade Good for you  I hope I will have sth to show you, honestly, I'm still not sure how I can plan my photography in my daily schedule."
4,@clipclamp I watched my first episode of #30Rock last night - it was great 
4,@FabricaGallery what do you mean by a boo?  Hope that's not a foolish question...  
4,"@chint13 aku ga terlalu suka vampire2 mbak, but fringe is definitely on my list "
4,Just picked up the shirts  skipped down the highstreet getting very strange looks!
4,Coming to the end of National Smile Month. Create a beautiful smile by  sending  unexpected flowers   http://bit.ly/4gkSS9
4,good morning twitter  how are you? a beautiful day today ^^ Hmm what do you do now??
4,Really enjoying learning more about my Twitter pals. Please share info about yourself if you feel comfortable. DM me if you are shy 
4,FINISHED EXAMSSSS SUMMER HERE WE COMEEE 
4,Bed time. He has a name. Ryan 
4,@jdlb13 Yo! I haven't seen you in a while! Lets all hang out sooon 
4,@Baby_Blair thats wussup. but im gonna call it quits. i've hung in there for as long as I could. lls. goodniteee 
4,@billyraycyrus we are looking forward to u rockin us  are u bringing the family?
4,@isacullen booo. mine were Â£8 from a little beach shop 
4,I love the sunny weather it makes me feel so excited about life 
4,@itskrystalskye i totes agree (Y) 
4,@twistedhalo04 Yes! Think that way~ Positive thinking will get you to places. 
4,@Vikingfist Right on! Excited? 
4,just realised summer solstice at Stonehenge ISN'T same weekend as Glasto -good times! Roll on next weekend  -bring ur druid &amp
4,Still working on the SAP Skills Map on SAP Aspirin List.com - so complicated...any bright ideas? 
4,@BBRRIITTTTYY lol thats ok  mofo myspace isnt working
4,"@schmattt hehehe! Thank you!!! Yacht. Norfolk Broads sailing cruiser. very lovely, traditionally made small inland yacht. V chuffed!! "
4,Watching The Hills whilst having a banana smoothieee. Yummy 
4,@bjdean jaspercoffee.com.au and @obscura are both excellent. 
4,@Dameunited terrific!! it will choose its time wisely. like when i go out to lunch!!  i love storms though &amp
4,"@AlSquire Forget this one, thx "
4,@MissBridge I could answer why you are so tired...I think you don't sleep enough hours on enough nights!  
4,"two 400-worded essays in 4 hours, i think im getting the hang of this "
4,@M_ISABEL93 I soooo totally got a twitterrracount  yay
4,SKYPE:jeanthor_12 add me 
4,Off to get ready for work. Tweet later! 
4,listening to my ipod 
4,lotsa new faces in twitter .. nice 
4,#iremember when i was young and it was so uncomplicated... no bills... no boyfriends... it was all lego and grilled cheese 
4,@strangedog yeah should be alright -  kippers could work 
4,@mrtux_hdb Em tÆ°á»ng lÃ  Ã¡o em tráº¯ng quÃ¡ nhÃ¬n tháº¥u da chá»© 
4,@UKAsh it does indeed 
4,"@aparanjape: #punetraffic Nigdi-Pradhikaran area: 21st century roads, amongst widest in Pune..but 19th century rural mentality of folks "
4,@Jonasbrothers i am seeing these in concert tonight so excited and i just cant hide it agggghhhhhh  x
4,"@miss_yana hoho, peringkat kebangsaan? good luck "
4,will probably attend the Manila Food &amp
4,Hey @hawkcam this looks like yesterday's cam - empty nest and so bright    (hawkcam live &gt
4,"is mostly installed now!  No more boxes lying around and, the most important, I have internet!! "
4,figuring out Twitter 
4,I thought my exam was at 9:15 when it's at 1:15. Such a dumbass! Luckily i looked at the sheet before i actually left the house! 
4,@sashi1977 aah i see. enjoy ur trip... without mosquito.. 
4,"wow i actually got up as soon as my alarm went off! haha. i'm ready, now, and i got another half hour b4 i gotta leave!! Woo gonna b fun! "
4,OH: TODAY I forgot ALL my literature for my research essay @home! FML  http://tinyurl.com/komdmd
4,@AngelicVampira yea really useful thing this teleporting really ... its shame that nobody think it out how to do it :/ grr...we should 
4,"@khxdb9 SpaceDefenders of course, might make a small music sequencer in C++ if i'm up to it "
4,"Article on eco tourism in the new WNF Panda magazine, cool! "
4,@Sepulchura doubt he is on the social though 
4,is offf to watch a moviee with farty pants sister  
4,hey @webaddict you still around or did everyone crash while I cooked dinner?? 
4,@alsatya enaknya yg udah bebasss..  Gw nyusul in less than 24 hrs 
4,@Rikkiebags I'm not!  Just an opinion  
4,"Fantastic day yesterday, lived up to wishes! "
4,I see my future reflected in their eyes 
4,"Kisses, kisses, plz to be sending good thoughts my way. Good things may happen today! "
4,@popthemusicdrug thks to your reminder loh... 
4,scrubs
4,@nuuro call me when ya get here dude! 
4,Created a new account...currently exploring this new world! 
4,@BeMeaningful Nice blog 
4,@butterfly2b of course not!  enjoy your workout. i do tae bo at home quite often as well as the gym. thats a good one to try
4,"@ramsden Haha! I actually laughed out loud at your bio, thanks for the follow "
4,@songzyuuup and your fans prove they love you back  love u!
4,"Artist Republic Amstelveen, ps. Miss Sugaware tomorrow your photoshoot at jimmy woo it is going to be amazing "
4,My daughter is taking her graduation exam at university at 13.00 GMT. I hope she'll do well. 
4,watched Alan Carr last night (chatty man) absolutley great. Want to see him on TOUR so get to Sheffield  x
4,@jws12 No probs..glad all is okay with you! I am great thanks...hope you don't have too bad a day at work! 
4,Awww the DJ's kid is on the radio. 
4,"Gudnyt tweeps.Im all studied out, hopfuli twas enuf. tweetdreams "
4,@TheProphetBlog LOL i love how you come across all this info i never find on the net 
4,@srunarsson:  how do I turn off the BEEb sound on TweetDeck???? Its scares the hell out of me every time 
4,Come over to our Neverwinter Nights 2 boards and ask you questions. Or just browse thru our 600+ content pages! YES 600+!!!  #nwn2
4,http://twitpic.com/7d77s - I think she was celebrating her divorce. Well I think its a she. 
4,@Lisa_Veronica LOL! FOLLOW @Christian0386 He dreams about you 
4,Back from the gym = a night's clubbing into one hour  but... to handwrite notes or to type??
4,"@pdubtimm Thanks, I will "
4,Best party EVER yesterday!!  Cedar Point ALLLLLL day today! 
4,Wondering how @fuelyourcoding used http://random.org to pick a winner. Might be handy for me in the future 
4,goodmorning 
4,@poots Well Brock House is in for a happy day then - your banana bread is legendary!   (Nick a bit off the end and send it in sliced!)
4,Haha the dog's fallen asleep in the clean clothes basket. She's a darl' 
4,Diana is back  yeaaaa we'll have coffee soon and all the stories will unfold...
4,SO EXCITED about seeing the beautiful Caleb and Nathan tomorrow at the o2 
4," i love victory. I'm shippin off to boston, back thursday."
4,11:09am freaking early.. looks great out today.. 
4,Just woke up to find everyone has gone out and left me!!! Hmmm what to do now??? EAT!!! 
4,@atomicgabi :O where did you get it? I WENT ON THE SITE &amp
4,@badsneaker Oh I dunno...it got you to comment about it hey?? 
4,"Goodbye Rome, hello Sienna. Thank you Audrey LeDoux "
4,So far not bad for a Monday 
4,just got home and fed torties with water cress. Such peaceful creatures. 
4,@LovelyRemy nite nite..sweet dreams 
4,xDXdxdxXDxDXXXDXxxdXD haha only you can understand me my bro 
4,@madzarella I hope so too 
4,updated her myspace page fully    http://www.myspace.com/mariethemarionette
4,Its quite satisfying when you see a design really coming together! 
4,@SunshineAlmario super noisy!!  may Lee Min Ho &amp
4,@iheartrachael  its cool lol
4,@RaceB G'morning!  U just missed ur fellow Margarita @jodabone. She just went to sleep (or is still lurking...)
4,"@cpfcrox She then asked me about twitter, then said *Oh, I got me a qwerty keyboard. I can go there!* She was like 85! So cute "
4,"@fansoftaylor Keep up the amazing work, and keep promoting your idol, who deserve all the support of the fans "
4,i keep missing @replies either i am dumb or twitter is playing silly buggers with me.. let you pick which one  be nice! egg sandwich pow!
4,"well, ive started to pick back up on my drawing, and my book is going good, 12 1/2 pages soo far  almost finished first chapter..."
4,wishes he was working a show at Fest... next year we hope 
4,@hayleyrob I just blocked someone who did to me. I don't share with people who don't share. 
4,oh well  business time!
4,This is a status update to twitter from ICE  Timestamp: Mon Jun 15 12:09:44 CEST 2009
4,@stevieg69 Awwww  that's so great! U not in love 2???
4,finally updated my office wallpaper &amp
4,"*sings* finally getting my creative-mojo back  c'mon spy story. oh wait, need to write 1500 words for uni BS... nevermind spy story..."
4,@hemisofia Eeek. Well have a safe trip dear. 
4,I am still going to South Africa. Rescheduling the flight........ 
4,@Mammoth87 oh dear - don't think it's worth your while! U shd rather come this way for sushi &amp
4,is reading Albert Mohler's blog... Interesting and thought provoking. Oh I heard that he tweets! 
4,@Rachael90210 ooh quote tattoos are always awesome  Or music lyrics or the like 
4,we just got some very sound fashion advise from Marpessa and Eva
4,"Lots on the plate today, Den and the girls leave early to plant 15 blue spruce, Susie and I will try to hold the fort down "
4,@franalations i left my corona on the table and i didn't throw it away :/ sorry my bad yo! its not cold but someone can have it 
4,"@gamathew ...i'm Head - Sleepy, just like they have Head - Operations and all... "
4,"@xlaurajaynex awww, she is so cute!! "
4,@r_banks What are you upto nowadays Mr? My mornings are boring without you! 
4,@MissShonah Plenty of time to learn about France. 
4,Twitteriffic works again! 
4,@Mello_84 My current crush: Bradley James from Merlin. And he is but a year older than me. 
4,@hallielama  optimus and megatron sitting in a tree...
4,@jab_baller thanks 
4,"3 more days of packing to do at work, then its 2 days of moving.... At least I'll have my weekend. "
4,I am learning and accepting my purpose as I go along. It's quite an interesting time and I'm so happy to be aware enough to recognise it! 
4,watching THE HILLS series 1  they look soo young...
4,@trishaMCFLY Hiiii 
4,"@clare666 and add time to it  cuz after the Summit, the gathering with the others was nice, the talking afterwards "
4,"@alpew Thank you thank you! yes! So far this season my record is 2 regattas, 2 yachts, 2 skippers, 6 races and SIX trophies!!  woohoo!!!!"
4,@mirotica yes! I knew it would get someone! Haha 
4,"@CaptainKazz haha there is a photo of you and dani in her room. And, be in the musical and we can hang at dani's and eat icecream "
4,Good morn world 
4,"@fansofladygaga Keep up the amazing work, and keep promoting your idol, who deserve all the support of the fans "
4,@andreear unde e Britney cu acadeaua? 
4,the bus is arriving at Sg Expo
4,@b__cherry see? 
4,"Had a nice weekend away to Windsor castle and the beach, relaxed but tired - long day yesterday  Need to focus for tomorrow's meeting."
4,@samthesham Brilliant!! Congrats! 
4,@lesliepokita well yehh ive left school so we have a prom   Im quite excitedd ! xx
4,@sophiafoots It needs sound! He is v. diligent with his cleanliness! 
4,The yeah you's are quite strange but they're music is good 
4,"@taptam_76 Thx petal - heading over to Craige and Oz's for a slap up meal, wine, good company and of course cuddles with the boy "
4,@RichieInLondon Mr Rich goes to Washington 
4,"Just painted a wall, actually did a good job "
4,is talking to Troy on MSN. I love him 
4,"@mcflyphils when you're using this account, you should use we or us or our, not me, I, my, etc. "
4,Mmmm i'm loving The Courteeners right noww...and my dockland darllin 
4,breaking my fast~ today I managed to fall asleep again after waking up too early! 
4,@radiochick91 cheers thanks for that 
4,@kagamine can i go on twitter using your phone at camp? 
4,@DavidFeng eh... have you ever stopped 'mass tweeting' ? 
4,is gonna finish getting ready then going to johelles then into cardiff to get jobros album  
4,peepz.. celebrating mah 22nd birthday @ Tank nightclub 19th June @ 10pm.. and is currently waiting for Britney VIP tix  word yall
4,@petewentz awww cute :L put ur face is cute as well 
4,"@kaitmackinnon When you get a new iPod, be sure to use something like http://www.electronicwarranty.com/ for warranty coverage. "
4,Everyone going jb tonight HAVE FUN  xo
4,"@ExpatCookie Don't worry, I'm on the case! @lalouba should check out our Offers section: http://bit.ly/iHUTl Hope that helps "
4,@grace_whatman hellsss yer 
4,Oh yeah! My logo! Back to work then. 
4,"@peterfacinelli- FOLLOW him!  He plays Carlisle, that hot doctor dude in Twilight. Not a Twilight fan? He's JLH's ex in Can't Hardly Wait."
4,Uuwaaaaarrrggghhh!!!! Thanks for the traffic!  hahaha..I'm goin nuts :p http://mypict.me/3TGy
4,Trying not to panic - mini-me Emma has Type 1 Diabetes - hubby is all over Google - sometimes not a good thing TMI 
4,@farnamals WHERE YOU GOING BB?  @shazcious and i nak ikot!
4,@crystalangela Aw thanks  Well it wasn't as bad as I thought it's gonna be. &amp
4,@dh0nah til nine? seriously? whyy?? haha 
4,Rose Wedding Favor Tag .Thanks Stephen for the purchase  - http://bit.ly/acz9k
4,"@metteillu ehehe!! you'll find it, somewhere, somehow! "
4,Working on Market Tree's new brand brand launch - exciting stuff! 
4,back to work ... 5 dias compriditos 
4,Watching spongebob squarepants!!  
4,Yahoo! Back with utweetme 
4,I like this trac !  â« http://blip.fm/~89284
4,Cool The LAKERS  winS again 
4,Working on some banners....the concept looks great hope the execution makes it better 
4,"@privatedoc @jason_2008 got the small one. Have got a wide one at home I could swap out, but love the space saved, will c how I get on "
4,@iheartrachael I just re-did it 
4,This is a status update to twitter from ICE  Timestamp: Mon Jun 15 12:11:28 CEST 2009
4,Having quite a productive morning...  I hope it keeps going like this!
4,@PattyDaine Granada sounds fun - wish I was there - I may be very soon 
4,Amy Huberman was spotted with a dongle in Stephen's Green 
4,"@Courbs Your suggestions have been put into the rotation for today and tomorrow, with appropriate credit  Retweeted the other randomly."
4,@ChristosPas It's great fun! You'll get the hang of it  Where are you these days?
4,goodthing about working overnight.. i almost never miss a sunrise 
4,Making chili vinegar for the summer  
4,@tessicagee I have a pretty photograph of you 
4,can some one listen to my radio show 
4,sinu may tumblr? ill add you up na  paste your links here http://plurk.com/p/111uhj
4,"Listening to 'The Climb' - Miley Cyrus, Love this song "
4,@Leilizzle i am sute alot of things remind you of me lol no I think I posted that before that's why 
4,played with the E72. pics in a bit 
4,@dannygokey Good Morning!!   have a blessed day 
4,Working on Market Tree's new brand launch - exciting stuff! 
4,"@fierceboi yes, fly to HK THIS COMING WEEKEND for Muji and more. "
4,had so much fun last friday with my friends...  wish we could do it more often...
4,"@JessicaSain Power ballads - hmmm &quot;Power of Love&quot; and &quot;Boom, Boom, Boom&quot; lol "
4,@bradiewebbstack yea same 
4,"@viveksingh nopes, I ll have to meet lord shiva there "
4,@work great day Blessed day off tomorrow 
4,coffe break time in Fronter - too soon to let you know my thoughts! @porchester that one's for you 
4,@gotCJ Going to have to go with a iPhone 3GS or a Palm Pre 
4,@tawnysmith yep i got it 
4,"@yarpp all seems to work. Ah well, I guess my issue is else ware. Thanks very much for the help "
4,@k2tierit ME TOOO 
4,im in the mood for sleeping 
4,@AmiPenni I can keep it there for about...3-4 seconds. I am laaaame but it's so funny 
4,@keiizpasion haha! good luck! better start workin' on it. 
4,still so sore! eek..! so excited for supernatural  its gonna be epic!!
4,@beezan No me neither-part of my staple diet! 
4,@jamesmachan your hot 
4,"@sioksiok @davidfeng Haha, good point. "
4,@cejpittman I just finally remembered to look at the blog. I *love* the header! The drawing is very cute 
4,It's nice to get up early...3 hrs of work done already...feels like the rest of the day is mine. 
4,"Part of the List - NeYo. =] Sooo, going to the Neyo concert though.. "
4,is going out soonn!  \
4,@mrjessMCK http://twitpic.com/78m0l - hahahaha loser! this is what you were doing? how boring........ jk 
4,currently listening to BOYCE AVENUE's songs. i just simply luv the voice and some of the revivals esp. NO AIR! 
4,The Rain Gods have finally decided to relieve us.   Its nice to feel the rain AGAIN!!
4,@BenWeekes Not for another 11 months.  And I'm keeping the VTR. 
4,@thatissochacha I know I've seen them live before 
4, big ass kool-aid smile on my face from talkin to my boo...
4,"@I #iRemember when I was 10 years-old, my penis was only a measly 10 inches long. Ladies... what's up? XO "
4,@Chipmunkartist woooooooo ! I hope so but i love diamond rings !! &amp
4,"@the_sandman_ Oh yes, cos I'm not always known for my elegance, sure i'll crash soon enough. And cos i dont trust Grimsby drivers "
4,Importing pictures from my digicam to my laptop. 
4,"@cliffc100 my boyfriend is predicting good grades, hes a maths wizz and his uncle is a chem teacher so iv got extra support lol "
4,"even though i have bad pitch, i still want to do singing lessons,, ha! i dont know why. ijust want to have a nice voice "
4,"@stilgherrian heh, definition of an expert: drip under pressure. Never more true for socmed "
4,"@honorsociety Whoa, I actually teared up a little bit at the thought of you guys going on tour. Can't wait to see you soon though!! "
4,Hi 6am. I haven't even slept yet. I got side tracked online... Seriously going to bed now. Good morninggg! 
4,Happy Monday Morning 
4,ready for extreme makeover 
4,"has been for a run, had dinner and is snuggled on the couch to do some more work "
4,"@Mistyk777 Whoa, you better get better Misty "
4,Had a wicked long and awesome day yesterday. Now time for mad work. 
4,@Rubyletters more or less 
4,@kiwikia yup... at least david-inspired 
4,"hey jb fans, they finally arrive london "
4,just got home from school. Now i'm havin my lunch. Yay 
4,"@AyakaPalms: haha, yes. That was such a fun play to do~ "
4,@Sweetascouk Hi there 
4,@willyoa iyaaaaaaaaaa 
4,Good morning guys  hows life been treating you ?. I hope that all is well and that life is good to you all and that you have a great day.
4,@nzfashion sounds like one cool Mum 
4,@saviluvsjonas thanks 4 the follow 
4,Catching up on days worth of Big Brother  #bb10 http://twitpic.com/7geuv
4,@dkris awesome. Looking forward to that! 
4,manchester today 
4,@markk_H than i thought  (i hope i didnt just jinx myself)
4,@cpdrurybss thx Chris - look forward 2 seeing it  BTW if you were looking at a web designer's brochure what would make you buy from them?
4,@emilyosment http://twitpic.com/7f4v6 - hahaha (: im the same but with juice boxes 
4,@chattyman Your show last night had me in stiches ! LOVE IT  xxx
4,"Buying Maeve O'Boyle's new album, ahhhhh!  Excitement to the max   "
4,I'm awake!!  just looked through pictures from the cabin trip! fun! now I'm reading loads of articles about the game last night 
4,"No Dio, but Mother F**king Tim Curry instead  http://bit.ly/hmV5F"
4,@gumbie_girl HEY no. that is MY saying. stooge. 
4,@chandiss yes for sure 
4,thinkin about watching &quot
4,is munching away at strawberries and ice cream yumm  
4,getting ready for the first day of my last week of school! 
4,"Good morning  today is going to be a busy day, two tests to do."
4,"@__BellsCullen__ Hahaha yerp  never fails to crack me up, and the commentary is the funniest thing evar."
4,@Freakonomy hahaha.. nw u get it..  .. kakke da dhaba.. wo yellow daal.. wo doston ke saath office se rukna.. sigh''
4,@Taryll well done on the race by the way 
4,"@DanielStabile well as long as ur safe at the end of the night love, thats all that matters "
4,My library *finally* has a dedicated study guide area and it only took two years 
4,At the gym at the hotel! I no kind of late well the good part is I don't have to get up intill 11am 
4,@mrscracka thaaaaaaaaaaaaaaaaaaanks. 
4,@livviclarke What is the school production this year? I want to do it 
4,@JoannaSchaff http://www.gaelcon.com/gaelcon/ you need a rant and a bit from one of the songs 
4,@SpitfireJon I like you... you understand the way that we humans describe the passage of time 
4,wth im enjoying this 
4,"My beloved D-Link stopped working, have ordered new PowerSupply from Hong Kong on eBay "
4,@eBeth Merci madame!  How's you today?
4,@Waisybabu I am glad one of us got it. 
4,@MissSmiley27 was it good? I want to go 
4,"MÆ°a to cáº£ chiá»?u, nhÃ  bÃªn cáº¡nh khoan tÆ°á»?ng, 1 tháº±ng vá» váº©n tá»± nhiÃªn xá»c vÃ o phÃ²ng  Tháº­t lÃ  há»i tá»¥ Äáº§y Äá»§ &quot;thiÃªn thá»?i, Äá»a lá»£i, nhÃ¢n hÃ²a&quot; :X"
4,@stilgherrian Social Media Club here in Cantberra is just an excuse to drink coffee and flirt. Isn't it the same everywhere? 
4,@jzzctv Good Morning 
4,"@carmR Glad to have you on board, even if you are always digging at my ribs "
4,"Off to the airport. :] Cyprus, HERE I COME! "
4,@emilyyyyy_ thanks  hahah that helped loadss.
4,I get to see the namjachingoooo tomorroz! Yes yes yes! 
4,says the secretary asked me if i even knew i had vacation days  http://plurk.com/p/111v1d
4,"@Itxi_Itx Your new background suits my last post.  How sweet, thanks.  "
4,"@Geekerella It was AWESOME, as usual.  Don't beat yourself up.   Where are you vacationing?  I leave Thurs. for Vegas. Not home til 29th"
4,is still amazed after seeing Frenzal the Fetus today 
4,@Em_Love yay bradie  hahahahahaha cuddlebuddy.
4,@u4er Gonna google that... Don't have clue what that is... Have fun non the less 
4,"@gin_lady thanks, lots of sleep and knitting should help "
4,@DdotDallas @Halelawrence i still got my megadrive and tons of games  loves it
4,@gemcruz  ym  long story..haha
4,everyone follow @noahcyruus its her new twitter 
4,"@pinklady2008 All those holiday spots, sound wonderful! Totally jealous "
4,@detoo gute morgen...  YEAAA! 
4,"@ayatoshirosan these messages.  I will not be at all busy today, Nimmy, and will be eagerly anticipating our next 'real time' converse!"
4,"@djclawrence have a safe flight back home...meanwhile, hope u r finding something interesting to do in the airport! "
4,"@arabstreet then, All American Rejects - It Ends Tonight. Kena reject and it ends tonight "
4,Date My Mom or Daisy of Love.. Is it impossible to play something somewhat intresting despite the fact that its 3 AM.  Please N Thank You!
4,Monday morning aint so bad when you know you got the rest of the week off  For some reason my shifts 3 hours later than my team. Ah well.
4,Created a look on looklet.com. http://looklet.com/look/155550 SHOCK! 
4,@gk4r Can you DM me the link to the system you were telling me about yesterday.  The IM was on my Mac and I have my PC running again. 
4,@alexkettner aw well atleast you go home today!! 
4,is lovely my day off and carnt wait to see my fried 
4,@Mil04 you're here!  hi! 
4,@MupNorth OK 
4,@sazzygee har har i've finished now! good look though (Y) 
4,I guess it's gonna be hard partying all night with 5hrs sleep. Let's see how long I last! 
4,@QueenofScots67 Back at yah xxxx-mwah-xxxx 
4,I get to see the namjachingooo today! Ah yes yes yes! 
4,@Hey_Bawheed For some reason I am the only one who can get access to Youtube &amp
4,Time to top up my tan and bbq shop 
4,@joshuawithers ha ha dude do you see the irony of Costello jokes  =&gt
4,Enjoying the peace of an early morning work day 
4,I can use Twitter  gaaah... :|
4,wuhuuu i'am going shopping right now ! Have fun guys 
4,"@taurustippy God bless her..  anyways, musta 1st day? "
4,i love new york ? http://bit.ly/M7p9t  
4,@positivelyslim &amp
4,homesweethome.. 
4,@BarbaraDrake There sure is! We're really enjoying it 
4,This is a status update to twitter from ICE  Timestamp: Mon Jun 15 12:13:59 CEST 2009
4,@honeyjojames @myinkyfingersAU He is really sweet - and he was at the sci-fi/fantasy/comicbook store too so I know it's gonna be good 
4,@GrantGrunge aight nigga piece..ohh and smooth creammy cookie 
4,@jagregory @DaveTheNinja 
4,@hemisofia wow 6day school week? that's heavy! ganbatte! aaand dont stress out! 
4,@Impala_Guy SORRY missed again - the boss was here  I will try to be in twitter later  Hope to c u too  Bye Bye!
4,am out! see you guys tomorrow!  (bye) http://plurk.com/p/111v64
4,@jansensullivan Europe ... supposedly ... we'll see 
4,@gfalcone601@tommcfly The search is on for Britainâs most mischievous kitten! Enter now at catslikefelix.co.uk/ mischief. ENTER MARVIN 
4,hello world hope ur listening 
4,just taken a coffee with Tere near the beach  cloudy but very hot day!
4,@sonaal  lol...well cant beat u there can i???  wats uppp?? wats happening??
4,"@MoocherGirl nope, no bloody clue about how someone might have known she was visiting haha  But she says hi!"
4,"@RPISH did you know. SEASON 5 OF SUPAANATURAL, will come.  yay"
4,Video: ANONYMITY is fun. this where i started to like Kyuhyun!  http://tumblr.com/xsm21r846
4,Met the @jonasbrothers  good times!
4,"@keisha_buchanan Hey, good morning! "
4,@ferkle aye I put a holding deposit down on a place in queens park! Ye it's def a good day for indoors sept I'm at the art school! 
4,"Smashed the gym again!  hot bodybuilder talked to me, didnt understand everythin he said bt he was nice, wish i looked like that!"
4,Sees blue sky peeking through the blanket white that was heavy cloud this morning.  Fingers crossed peeps 
4,haha... I still am not finished readying &quot
4,@dotnetcowboy At least it's only a day  seems like that's all it did last week
4,"@Davina_Morris LOL, Davina, you make me giggle  xx"
4,@Whatever_Ista @misterdevans hi love 
4,@ethicalsoap  that's what you call word of .. um .. nose. Perhaps he' like to become a distributor (no pun intended!)
4,day off tomorrow  and hopefully going to Elise's house!
4,"@sssshenin yes, it does. "
4,I should start on my psychology essay. @shaannyn THURSDAY!!! 
4,My nails are growing woo hoo!!! 
4,@CruciFire you said &quot
4,new friend.  it's good
4,"@mfhorne recommedations on binoculars, ones that when you look through them, things look bigger! always good choice "
4,Finally home! I succesfully made it through 2 hours of Zumba &amp
4,"@PeterMears it's rough *Very Dramatic Sigh* but &quot;good for me&quot;  Surprisingly easy! I savor each sip, I really really love the taste of wine"
4,"@psanwikarja Nooo i can't... i love #twitterrific..  i will just hold it out for a few days. It's already fixed, just waiting for approval"
4,HuiMing knows her hubby's SECRET. ahahahah!   hubby! come tag tag when you see this~ lalala~
4,@lelaina3 welches Chaos? Hat alles bestens geklappt 
4,@moustachette really? thanks..  just message me if its out.. 
4,@jonaskevin hey kevin! So super dooper dooper dooper dooper excited about LVATT to come out in Australia! And to hear you play piano!!!! 
4,@brydie_alison12 are you kidding me we had roast too!!  it was awsome. (Y)
4,@baditz17 the crunchy ones 
4,My present came in the mail today!   http://yfrog.com/0e97nlj
4,@enoxisureka Good Luck! 
4,ohh alright then 
4,@annejulieart They're awesome!!! â¥ ps: did you get my convo? 
4,@kimfeenstra that title will generate some clicks  - [Re:] http://mobypicture.com/?1noy57
4,at college with Jade 
4,"jonas album tomorrow! And geometry exam. Ugh. Hey baby, why you treatin me bad? "
4,"Finally home.  Off tomorrow, but I have to finish my Demigod Review tonight "
4,"good morning  well..i switched everything over to the full proj name rather than the short, I.H.C.F. SO GOOGLE IF HUMANS COULD FLY!"
