,tweet,polarity,
0,Reading my kindle2...  Love it... Lee childs is good read.,4,
1,"Ok, first assesment of the #kindle2 ...it fucking rocks!!!",4,
2,@kenburbary You'll love your Kindle2. I've had mine for a few months and never looked back. The new big one is huge! No need for remorse! :),4,
3,@mikefish  Fair enough. But i have the Kindle2 and I think it's perfect  :),4,
4,@richardebaker no. it is too big. I'm quite happy with the Kindle2.,4,
5,Fuck this economy. I hate aig and their non loan given asses.,0,
6,Jquery is my new best friend.,4,
7,Loves twitter,4,
8,how can you not love Obama? he makes jokes about himself.,4,
10,"@Karoli I firmly believe that Obama/Pelosi have ZERO desire to be civil.  It's a charade and a slogan, but they want to destroy conservatism",0,
11,"House Correspondents dinner was last night whoopi, barbara &amp; sherri went, Obama got a standing ovation",4,
12,Watchin Espn..Jus seen this new Nike Commerical with a Puppet Lebron..sh*t was hilarious...LMAO!!!,4,
13,"dear nike, stop with the flywire. that shit is a waste of science. and ugly. love, @vincentx24x",0,
14,"#lebron best athlete of our generation, if not all time (basketball related) I don't want to get into inter-sport debates about   __1/2",4,
15,I was talking to this guy last night and he was telling me that he is a die hard Spurs fan.  He also told me that he hates LeBron James.,0,
16,i love lebron. http://bit.ly/PdHur,4,
17,"@ludajuice Lebron is a Beast, but I'm still cheering 4 the A..til the end.",0,
18,@Pmillzz lebron IS THE BOSS,4,
19,"@sketchbug Lebron is a hometown hero to me, lol I love the Lakers but let's go Cavs, lol",4,
20,lebron and zydrunas are such an awesome duo,4,
21,@wordwhizkid Lebron is a beast... nobody in the NBA comes even close.,4,
22,downloading apps for my iphone! So much fun :-) There literally is an app for just about anything.,4,
23,"good news, just had a call from the Visa office, saying everything is fine.....what a relief! I am sick of scams out there! Stealing!",4,
24,http://twurl.nl/epkr4b - awesome come back from @biz (via @fredwilson),4,
25,In montreal for a long weekend of R&amp,4,
26,Booz Allen Hamilton has a bad ass homegrown social collaboration platform. Way cool!  #ttiv,4,
27,[#MLUC09] Customer Innovation Award Winner: Booz Allen Hamilton -- http://ping.fm/c2hPP,4,
28,"@SoChi2 I current use the Nikon D90 and love it, but not as much as the Canon 40D/50D. I chose the D90 for the  video feature. My mistake.",4,
31,"@phyreman9 Google is always a good place to look. Should've mentioned I worked on the Mustang w/ my Dad, @KimbleT.",4,
32,Played with an android google phone. The slide out screen scares me I would break that fucker so fast. Still prefer my iPhone.,0,
33,US planning to resume the military tribunals at Guantanamo Bay... only this time those on trial will be AIG execs and Chrysler debt holders,0,
34,omg so bored &amp,0,
35,I'm itchy and miserable!,0,
36,"@sekseemess no. I'm not itchy for now. Maybe later, lol.",0,
37,RT @jessverr I love the nerdy Stanford human biology videos - makes me miss school. http://bit.ly/13t7NR,4,
38,"@spinuzzi: Has been a bit crazy, with steep learning curve, but LyX is really good for long docs. For anything shorter, it would be insane.",4,
39,"I'm listening to ""P.Y.T"" by Danny Gokey &lt;3 &lt;3 &lt;3 Aww, he's so amazing. I &lt;3 him so much :)",4,
40,is going to sleep then on a bike ride:],4,
41,cant sleep... my tooth is aching.,0,
42,"Blah, blah, blah same old same old. No plans today, going back to sleep I guess.",0,
43,"glad i didnt do Bay to Breakers today, it's 1000 freaking degrees in San Francisco wtf",0,
47,?Obama Administration Must Stop Bonuses to AIG Ponzi Schemers ... http://bit.ly/2CUIg,0,
48,started to think that Citi is in really deep s&amp,0,
49,ShaunWoo hate'n on AiG,0,
50,@YarnThing you will not regret going to see Star Trek. It was AWESOME!,4,
53,annoying new trend on the internets:  people picking apart michael lewis and malcolm gladwell.  nobody wants to read that.,0,
55,Highly recommend: http://tinyurl.com/HowDavidBeatsGoliath by Malcolm Gladwell,4,
56,Blink by malcolm gladwell amazing book and The tipping point!,4,
57,Malcolm Gladwell might be my new man crush,4,
58,omg. The commercials alone on ESPN are going to drive me nuts.,0,
59,@robmalon Playing with Twitter API sounds fun.  May need to take a class or find a new friend who like to generate results with API code.,4,
61,Hello Twitter API ,4,
63,@morind45 Because the twitter api is slow and most client's aren't good.,0,
64,yahoo answers can be a butt sometimes,0,
65,is scrapbooking with Nic =D,4,
66,RT @mashable: Five Things Wolfram Alpha Does Better (And Vastly Different) Than Google - http://bit.ly/6nSnR,4,
67,just changed my default pic to a Nike basketball cause bball is awesome!!!!!,4,
71,RT @SmartChickPDX: Was just told that Nike layoffs started today :-(,0,
72,Back when I worked for Nike we had one fav word : JUST DO IT! :),4,
73,"By the way, I'm totally inspired by this freaky Nike commercial: http://snurl.com/icgj9",4,
76,Class... The 50d is supposed to come today :),4,
77,needs someone to explain lambda calculus to him! :(,0,
78,Took the Graduate Field Exam for Computer Science today.  Nothing makes you feel like more of an idiot than lambda calculus.,0,
79,SHOUT OUTS TO ALL EAST PALO ALTO FOR BEING IN THE BUILDIN KARIZMAKAZE 50CAL GTA! ALSO THANKS TO PROFITS OF DOOM UNIVERSAL HEMPZ CRACKA......,4,
80,"@legalgeekery Yeahhhhhhhhh, I wouldn't really have lived in East Palo Alto if I could have avoided it.  I guess it's only for the summer.",0,
81,@accannis @edog1203 Great Stanford course. Thanks for making it available to the public! Really helpful and informative for starting off!,4,
84,@ work til 6pm... lets go lakers!!!,4,
85,Damn you North Korea. http://bit.ly/KtMeQ,0,
86,Can we just go ahead and blow North Korea off the map already?,0,
87,"North Korea, please cease this douchebaggery. China doesn't even like you anymore. http://bit.ly/NeHSl",0,
88,Why the hell is Pelosi in freakin China? and on whose dime?,0,
89,"Are YOU burning more cash $$$ than Chrysler and GM? Stop the financial tsunami. Where ""bailout"" means taking a handout!",0,
90,insects have infected my spinach plant :(,0,
91,wish i could catch every mosquito in the world n burn em slowly.they been bitin the shit outta me 2day.mosquitos are the assholes of insects,0,
92,"just got back from church, and I totally hate insects.",0,
93,Just got mcdonalds goddam those eggs make me sick. O yeah Laker up date go lakers. Not much of an update? Well it's true so suck it,0,
94,omgg i ohhdee want mcdonalds damn i wonder if its open lol =],4,
95,History exam studying ugh,0,
96,"I hate revision, it's so boring! I am totally unprepared for my exam tomorrow :( Things are not looking good...",0,
97,"Higher physics exam tommorow, not lookin forward to it much :(",0,
98,"It's a bank holiday, yet I'm only out of work now. Exam season sucks:(",0,
99,Cheney and Bush are the real culprits - http://fwix.com/article/939496,0,
100,Life?s a bitch? and so is Dick Cheney. #p2 #bipart #tlot #tcot #hhrs #GOP #DNC http://is.gd/DjyQ,0,
101,"Dick Cheney's dishonest speech about torture, terror, and Obama. -Fred Kaplan Slate. http://is.gd/DiHg",0,
102,"""The Republican party is a bunch of anti-abortion zealots who couldn't draw flies to a dump."" -- Neal Boortz (just now, on the radio)",0,
103,is Twitter's connections API broken? Some tweets didn't make it to Twitter...,0,
104,"i srsly hate the stupid twitter API timeout thing, soooo annoying!!!!! :(",0,
105,"@psychemedia I really liked @kswedberg's ""Learning jQuery"" book. http://bit.ly/pg0lT is worth a look too",4,
107,"Very Interesting Ad from Adobe by Goodby, Silverstein &amp; Partners - YouTube - Adobe CS4: Le Sens Propre http://bit.ly/VprpT",4,
108,Goodby Silverstein agency new site! http://www.goodbysilverstein.com/ Great!,4,
109,"RT @designplay Goodby, Silverstein's new site: http://www.goodbysilverstein.com/ I enjoy it. *nice find!*",4,
110,The ever amazing Psyop and Goodby Silverstein &amp,4,
111,top ten most watched on Viral-Video Chart.  Love the nike #mostvaluablepuppets campaign from Wieden &amp,4,
112,zomg!!! I have a G2!!!!!!!,4,
113,Ok so lots of buzz from IO2009 but how lucky are they - a Free G2!! http://is.gd/Hyzl,4,
114,just got a free G2 android at google i/o!!!,4,
115,Guess I'll be retiring my G1 and start using my developer G2 woot #googleio,4,
117,I am happy for Philip being at GoogleIO today,4,
118,Lakers played great!  Cannot wait for Thursday night Lakers vs. ???,4,
120,Judd Apatow creates fake sitcom on NBC.com to market his new movie... viral marketing at its best. http://is.gd/K0yK,4,
122,VIRAL MARKETING FAIL. This Acia Pills brand oughta get shut down for hacking into people's messenger's.  i get 5-6 msgs in a day! Arrrgh!,0,
123,watching Night at The Museum . Lmao,4,
124,i loved night at the museum!!!,4,
126,just got back from the movies.  went to see the new night at the museum with rachel.  it was good,4,
129,@shannyoday I will take you on a date to see night at the museum 2 whenever you want...it looks soooooo good,4,
130,no watching The Night At The Museum. Getting Really Good,4,
131,"Night at the Museum, Wolverine and junk food - perfect monday!",4,
132,saw night at the museum 2 last night.. pretty crazy movie.. but the cast was awesome so it was well worth it. Robin Williams forever!,4,
135,Night at the Museum tonite instead of UP. :( oh well. that 4 yr old better enjoy it. LOL,0,
137,It's unfortunate that after the Stimulus plan was put in place twice to help GM on the back of the American people has led to the inevitable,0,
138,Tell me again why we are giving more $$ to GM?? We should use that $ for all the programs that support the unemployed.,0,
139,@jdreiss oh yes but if GM dies it will only be worth more boo hahaha,0,
140,Time Warner cable is down again 3rd time since Memorial Day bummer!,0,
141,"I would rather pay reasonable yearly taxes for ""free"" fast internet, than get gouged by Time Warner for a slow connection.",0,
142,NOOOOOOO my DVR just died and I was only half way through the EA presser. Hate you Time Warner,0,
143,F*ck Time Warner Cable!!! You f*cking suck balls!!! I have a $700 HD tv &amp,0,
144,time warner has the worse customer service ever. I will never use them again,0,
145,Time warner is the devil. Worst possible time for the Internet to go out.,0,
146,Fuck no internet damn time warner!,0,
147,time warner really picks the worst time to not work. all i want to do is get to mtv.com so i can watch the hills. wtfffff.,0,
148,I hate Time Warner! Soooo wish I had Vios. Cant watch the fricken Mets game w/o buffering. I feel like im watching free internet porn.,0,
149,Ahh...got rid of stupid time warner today &amp,0,
150,Time Warner's HD line up is crap.,0,
151,is being fucked by time warner cable. didnt know modems could explode. and Susan Boyle sucks too!,0,
153,Time Warner Cable slogan: Where calling it a day at 2pm Happens.,0,
160,Recovering from surgery..wishing @julesrenner was here :(,0,
161,"My wrist still hurts. I have to get it looked at. I HATE the dr/dentist/scary places. :( Time to watch Eagle eye. If you want to join, txt!",4,
163,"THE DENTIST LIED! "" U WON'T FEEL ANY DISCOMORT! PROB WON'T EVEN NEED PAIN PILLS"" MAN U TWIPPIN THIS SHIT HURT!! HOW MANY PILLS CAN I TAKE!!",0,
164,@kirstiealley my dentist is great but she's expensive...=(,0,
166,is studing math ,4,
167,my dentist was wrong... WRONG,0,
168,Going to the dentist later.:|,0,
169,Son has me looking at cars online.  I hate car shopping.  Would rather go to the dentist!  Anyone with a good car at a good price to sell?,0,
175,luke and i got stopped walking out of safeway and asked to empty our pockets and lift our shirts. how jacked up is that?,0,
178,Safeway is very rock n roll tonight,4,
183,The safeway bathroom still smells like ass!,0,
184,"At safeway on elkhorn, they move like they're dead!",0,
190,i love Dwight Howard's vitamin water commercial... now i wish he was with NIKE and not adidas. lol.,4,
191,Found NOTHING at Nike Factory :/ Off to Banana Republic Outlet! http://myloc.me/2zic,0,
193,is lovin his Nike  already and that's only from running on the spot in his bedroom,4,
195,@matthewcyan I finally got around to using jquery to make my bio collapse. Yay for slide animations.,4,
201,"@PDubyaD right!!! LOL we'll get there!! I have high expectations, Warren Buffet style.",4,
202,"RT @blknprecious1: RT GREAT @dbroos ""Someone's sitting in the shade today because someone planted a tree a long time ago.""- Warren Buffet",4,
204,"Warren Buffet became (for a time) the richest man in the United States, not by working but investing in 1 Big idea which lead to the fortune",4,
205,"According to the create a school, Notre Dame will have 7 receivers in NCAA 10 at 84 or higher rating :) *sweet*",4,
207,@BlondeBroad it's definitely under warranty &amp,4,
209,Time Warner Road Runner customer support here absolutely blows. I hate not having other high-speed net options. I'm ready to go nuclear.,0,
210,Time Warner cable phone reps r dumber than nails!!!!! UGH! Cable was working 10 mins ago now its not WTF!,0,
211,@siratomofbones we tried but Time Warner wasn't being nice so we recorded today. :),0,
212,OMG - time warner f'ed up my internet install - instead of today  its now NEXT saturday - another week w/o internet! &amp,0,
213,"wth..i have never seen a line this loooong at time warner before, ugh.",0,
214,Impatiently awaiting the arrival of the time warner guy. It's way too pretty to be inside all afternoon,0,
216,Naive Bayes using EM for Text Classification. Really Frustrating...,0,
217,We went to Stanford University today. Got a tour. Made me want to go back to college. It's also decided all of our kids will go there.,4,
220,"@KarrisFoxy If you're being harassed by calls about your car warranty, changing your number won't fix that. They call every number. #d-bags",0,
221,Just blocked United Blood Services using Google Voice. They call more than those Car Warranty guys.,0,
222,#at&amp,0,
223,@broskiii OH SNAP YOU WORK AT AT&amp,0,
224,@Mbjthegreat i really dont want AT&amp,0,
225,"I say we just cut out the small talk: AT&amp;T's new slogan: F__k you, give us your money. (Apologies to Bob Geldof.)",0,
226,pissed about at&amp,0,
227,Safari 4 is fast :) Even on my shitty AT&amp,0,
228,@ims What is AT&amp,0,
229,@springsingfiend @dvyers @sethdaggett @jlshack AT&amp,0,
230,"@MMBarnhill yay, glad you got the phone! Still, damn you, AT&amp;T.",0,
232,"Talk is Cheap: Bing that, I?ll stick with Google. http://bit.ly/XC3C8",0,
233,"@defsounds WTF is the point of deleting tweets if they can still be found in summize and searches? Twitter, please fix that. Thanks and bye",0,
235,@ArunBasilLal I love Google Translator too ! :D Good day mate !,4,
236,reading on my new Kindle2!,4,
237,My Kindle2 came and I LOVE it! :),4,
238,"LOVING my new Kindle2.  Named her Kendra in case u were wondering. The ""cookbook"" is THE tool cuz it tells u all the tricks!  Best gift EVR!",4,
239,The real AIG scandal / http://bit.ly/b82Px,0,
242,Obama is quite a good comedian! check out his dinner speech on CNN :) very funny jokes.,4,
243,"' Barack Obama shows his funny side "" &gt;&gt; http://tr.im/l0gY !! Great speech..",4,
244,"I like this guy : ' Barack Obama shows his funny side "" &gt;&gt; http://tr.im/l0gY !!",4,
245,Obama's speech was pretty awesome last night! http://bit.ly/IMXUM,4,
246,"Reading  ""Bill Clinton Fail - Obama Win?"" http://tinyurl.com/pcyxj7",4,
247,Obama More Popular Than U.S. Among Arabs: Survey: President Barack Obama's popularity in leading Arab countries .. http://tinyurl.com/prlvqu,4,
248,Obama's got JOKES!! haha just got to watch a bit of his after dinner speech from last night... i'm in love with mr. president ,4,
249,LEbron james got in a car accident i guess..just heard it on evening news...wow i cant believe it..will he be ok ? http://twtad.com/69750,0,
250,is it me or is this the best the playoffs have been in years oh yea lebron and melo in the finals,4,
251,"@khalid0456 No, Lebron is the best",4,
252,@the_real_usher LeBron is cool.  I like his personality...he has good character.,4,
253,Watching Lebron highlights. Damn that niggas good,4,
254,@Lou911 Lebron is MURDERING shit.,4,
255,@uscsports21 LeBron is a monsta and he is only 24. SMH The world ain't ready.,4,
256,@cthagod when Lebron is done in the NBA he will probably be greater than Kobe. Like u said Kobe is good but there alot of 'good' players.,4,
257,KOBE IS GOOD BT LEBRON HAS MY VOTE,4,
258,Kobe is the best in the world not lebron .,0,
259,"@asherroth World Cup 2010 Access?? Damn, that's a good look!",4,
260,Just bought my tickets for the 2010 FIFA World Cup in South Africa. Its going to be a great summer. http://bit.ly/9GEZI,4,
262,I have to go to Booz Allen Hamilton for a 2hr meeting :(  But then i get to go home :),0,
263,"The great Indian tamasha truly will unfold from May 16, the result day for Indian General Election.",4,
264,"@crlane I have the Kindle2. I've seen pictures of the DX, but haven't seen it in person. I love my Kindle - I'm on it everyday.",4,
265,@criticalpath Such an awesome idea - the  continual learning program with a Kindle2  http://bit.ly/1ZLfF,4,
267,"@faithbabywear Ooooh, what model are you getting??? I have the 40D and LOVE LOVE LOVE LOVE it!",4,
268,The Times of India: The wonder that is India's election. http://bit.ly/p7u1H,4,
269,http://is.gd/ArUJ Good video from Google on using search options.,4,
270,@ambcharlesfield lol. Ah my skin is itchy :( damn lawnmowing.,0,
271,itchy back!! dont ya hate it!,0,
272,Stanford Charity Fashion Show a top draw http://cli.gs/NeNuAH,4,
273,Stanford University?s Facebook Profile is One of the Most Popular Official University Pages - http://tinyurl.com/p5b3fl,4,
274,Lyx is cool.,4,
275,SOOO DISSAPOiNTED THEY SENT DANNY GOKEY HOME... YOU STiLL ROCK ...DANNY ... MY HOMETOWN HERO !! YEAH MiLROCKEE!!,4,
276,"RT @PassionModel 'American Idol' fashion: Adam Lambert tones down, Danny Gokey cute ... http://cli.gs/7JWSHV",4,
277,@dannygokey I love you DANNY GOKEY!! :),4,
279,so tired. i didn't sleep well at all last night.,0,
280,Boarding plane for San Francisco in 1 hour,0,
281,bonjour San Francisco. My back hurts from last night..,0,
284,With my best girl for a few more hours in San francisco. Mmmmmfamily is wonderful!,4,
285,"F*** up big, or go home - AIG",0,
286,Went to see the Star Trek movie last night.  Very satisfying.,4,
287,"I can't wait, going to see star trek tonight!!",4,
288,Star Trek was as good as everyone said!!,4,
289,am loving new malcolm gladwell book - outliers,4,
290,I highly recommend Malcolm Gladwell's 'The Tipping Point.' My next audiobook will probably be one of his as well.,4,
291,Malcolm Gladwell is a genius at tricking people into not realizing he's a fucking idiot,0,
292,"@sportsguy33 hey no offense but malcolm gladwell is a pretenious, annoying cunt and he brings you down. cant read his shit",0,
293,RT @clashmore: http://bit.ly/SOYv7  Great article by Malcolm Gladwell.,4,
294,I seriously underestimated Malcolm Gladwell.  I want to meet this dude.,4,
295,i hate comcast right now. everything is down cable internet &amp,0,
296,Comcast sucks.,0,
297,The day I never have to deal with Comcast again will rank as one of the best days of my life.,0,
298,@Dommm did comcast fail again??,0,
300,curses the Twitter API limit,0,
301,"Now I can see why Dave Winer screams about lack of Twitter API, its limitations and access throttles!",0,
303,Arg. Twitter API is making me crazy.,0,
305,I'm really loving the new search site Wolfram/Alpha. Makes Google seem so ... quaint. http://www72.wolframalpha.com/,4,
306,"#wolfram Alpha SUCKS! Even for researchers the information provided is less than you can get from #google or #wikipedia, totally useless!",0,
307,Off to the NIKE factory!!!,4,
308,New nike muppet commercials are pretty cute. Why do we live together again?,4,
311,@Fraggle312 oh those are awesome! i so wish they weren't owned by nike :(,0,
312,@tonyhawk http://twitpic.com/5c7uj - AWESOME!!! Seeing the show Friday at the Shoreline Amphitheatre. Never seen NIN before. Can't wait. ...,4,
313,"arhh, It's weka bug. = ="" and I spent almost two hours to find that out. crappy me",0,
314,"@mitzs hey bud :) np I do so love my 50D, although I'd love a 5D mkII more",4,
315,@jonduenas @robynlyn just got us a 50D for the office. :D,4,
316,Just picked up my new Canon 50D...it's beautiful!!  Prepare for some seriously awesome photography!,4,
317,Just got my new toy. Canon 50D. Love love love it!,4,
318,Learning about lambda calculus :),4,
320,I'm moving to East Palo Alto!,4,
321,@ atebits I just finished watching your Stanford iPhone Class session. I really appreciate it. You Rock!,4,
322,@jktweet Hi! Just saw your Stanford talk and really liked your advice. Just saying Hi from Singapore (yes the videos do get around),4,
325,LAKERS tonight let's go!!!!,4,
326,Will the Lakers kick the Nuggets ass tonight?,4,
327,Oooooooh... North Korea is in troubleeeee! http://bit.ly/19epAH,0,
328,Wat the heck is North Korea doing!!??!! They just conducted powerful nuclear tests! Follow the link: http://www.msnbc.msn.com/id/30921379,0,
329,Listening to Obama... Friggin North Korea...,0,
330,"I just realized we three monkeys in the white Obama.Biden,Pelosi . Sarah Palin 2012",0,
331,@foxnews Pelosi should stay in China and never come back.,0,
332,Nancy Pelosi gave the worst commencement speech I've ever heard. Yes I'm still bitter about this,0,
333,ugh. the amount of times these stupid insects have bitten me. Grr..,0,
334,Prettiest insects EVER - Pink Katydids: http://bit.ly/2Upw2p,4,
335,Just got barraged by a horde of insects hungry for my kitchen light. So scary.,0,
336,Just had McDonalds for dinner. :D It was goooood. Big Mac Meal. ,4,
337,AHH YES LOL IMA TELL MY HUBBY TO GO GET ME SUM MCDONALDS =],4,
338,Stopped to have lunch at McDonalds. Chicken Nuggetssss! :) yummmmmy.,4,
339,Could go for a lot of McDonalds. i mean A LOT.,4,
340,my exam went good. @HelloLeonie: your prayers worked (:,4,
341,"Only one exam left, and i am so happy for it :D",4,
342,Math review. Im going to fail the exam.,0,
343,Colin Powell rocked yesterday on CBS. Cheney needs to shut the hell up and go home.Powell is a man of Honor and served our country proudly,0,
344,obviously not siding with Cheney here: http://bit.ly/19j2d,0,
345,Absolutely hilarious!!! from @mashable:  http://bit.ly/bccWt,4,
346,@mashable I never did thank you for including me in your Top 100 Twitter Authors! You Rock! (&amp,4,
348,RT @shrop: Awesome JQuery reference book for Coda! http://www.macpeeps.com/coda/ #webdesign,4,
349,I've been sending e-mails like crazy today to my contacts...does anyone have a contact at Goodby SIlverstein...I'd love to speak to them,4,
351,"Goodby, Silverstein's new site... http://www.goodbysilverstein.com/ I enjoy it.",4,
352,Wow everyone at the Google I/O conference got free G2's with a month of unlimited service,4,
353,@vkerkez dood I got a free google android phone at the I/O conference. The G2!,4,
354,"@Orli the G2 is amazing btw, a HUGE improvement over the G1",4,
355,"HTML 5 Demos! Lots of great stuff to come! Yes, I'm excited. :) http://htmlfive.appspot.com #io2009 #googleio",4,
356,@googleio http://twitpic.com/62shi - Yay! Happy place! Place place!  I love Google!,4,
357,#GoogleIO | O3D - Bringing 3d graphics to the browser. Very nice tbh. Funfun.,4,
358,"Awesome viral marketing for ""Funny People"" http://www.nbc.com/yo-teach/",4,
360,saw night at the museum out of sheer desperation. who is funding these movies?,0,
361,Night At The Museum 2? Pretty furkin good.,4,
362,Watching Night at the Museum - giggling.,4,
366,"Back from seeing 'Star Trek' and 'Night at the Museum.' 'Star Trek' was amazing, but 'Night at the Museum' was; eh.",0,
367,just watched night at the museum 2! so stinkin cute!,4,
368,"So, Night at the Museum 2 was AWESOME! Much better than part 1. Next weekend we'll see Up.",4,
371,saw the new Night at the Museum and i loved it. Next is to go see UP in 3D,4,
372,It is a shame about GM. What if they are forced to make only cars the White House THINKS will sell? What do you think?,0,
373,"As u may have noticed, not too happy about the GM situation, nor AIG, Lehman, et al",0,
375,@Pittstock $GM good riddance.  sad though.,0,
376,"I Will NEVER Buy a Government Motors Vehicle: Until just recently, I drove GM cars. Since 1988, when I bought a .. http://tinyurl.com/lulsw8",0,
377,Having the old Coca-Cola guy on the GM board is stupid has heck! #tcot #ala,0,
378,#RantsAndRaves The worst thing about GM (concord / pleasant hill / martinez): is the fucking UAW. ..   http://buzzup.com/4ueb,0,
379,"Give a man a fish, u feed him for the day. Teach him to fish, u feed him for life. Buy him GM, and u F**K him over for good.",0,
380,"The more I hear about this GM thing the more angry I get. Billions wasted, more bullshit. All for something like 40k employees and all the..",0,
381,@QuantTrader i own a GM car and it is junk as far as quality compared to a honda,0,
382,sad day...bankrupt GM,0,
383,is upset about the whole GM thing. life as i know it is so screwed up,0,
384,whoever is running time warner needs to be repeatedly raped by a rhino so they understand the consequences of putting out shitty cable svcs,0,
386,#WFTB Joining a bit late. My connection was down (boo time warner),0,
387,Cox or Time Warner?  Cox is cheaper and gets a B on dslreports.  TW is more expensive and gets a C.,0,
388,i am furious with time warner and their phone promotions!,0,
389,Just got home from chick-fil-a with the boys. Damn my internets down =( stupid time warner,0,
390,could time-warner cable suck more?  NO.,0,
391,Pissed at Time Warner for causin me to have slow internet problems,0,
392,"@sportsguy33 Ummm, having some Time Warner problems?",0,
393,You guys see this?  Why does Time Warner have to suck so much ass?  Really wish I could get U-Verse at my apartment. http://bit.ly/s594j,0,
394,"RT @sportsguy33 The upside to Time Warner: unhelpful phone operators   superslow on-site service. Crap, that's not an upside.",0,
395,"RT @sportsguy33: New Time Warner slogan: ""Time Warner, where we make you long for the days before cable.""",0,
396,"confirmed: it's Time Warner's fault, not Facebook's, that fb is taking about 3 minutes to load. so tempted to switch to verizon =/",0,
397,@sportsguy33 Time Warner = epic fail,0,
401,I know. How sad is that?  RT @caseymercier: 1st day of hurricane season. That's less scarey than govt taking over GM.,0,
402,"GM files Bankruptcy, not a good sign...",0,
403,yankees won mets lost. its a good day.,4,
404,My dentist appt today was actually quite enjoyable.,4,
405,I hate the effing dentist.,0,
407,@kirstiealley I hate going to the dentist.. !!!,0,
408,i hate the dentist....who invented them anyways?,0,
409,this dentist's office is cold :/,0,
418,Just applied at Safeway!(: Yeeeee!,4,
419,@ Safeway. Place is a nightmare right now. Bumming.,0,
421,"HATE safeway select green tea icecream! bought two cartons, what a waste of money.  &gt;_&lt;",0,
434,Nike rocks. I'm super grateful for what I've done with them :) &amp,4,4
436,@evelynbyrne have you tried Nike  ? V. addictive.,4,
438,The Nike Training Club (beta) iPhone app looks very interesting.,4,
439,argghhhh why won't  my jquery appear in safari bad safari !!!,0,
442,"I'm ready to drop the pretenses, I am forever in love with jQuery, and I want to marry it. Sorry ladies, this nerd is jquery.spokenFor.js",4,
448,"SUPER INVESTORS: A great weekend read here from Warren Buffet. Oldie, but a goodie. http://tinyurl.com/oqxgga",4,
450,"reading Michael Palin book, The Python Years...great book. I also recommend Warren Buffet &amp; Nelson Mandela's bio",4,
451,"I mean, I'm down with Notre Dame if I have to.  It's a good school, I'd be closer to Dan, I'd enjoy it.",4,
452,"I can't watch TV without a Tivo.  And after all these years, the Time/Warner DVR  STILL sucks. http://www.davehitt.com/march03/twdvr.html",0,
453,I'd say some sports writers are idiots for saying Roger Federer is one of the best ever in Tennis.  Roger Federer is THE best ever in Tennis,4,
454,I still love my Kindle2 but reading The New York Times on it does not feel natural. I miss the Bloomingdale ads.,0,
455,I love my Kindle2. No more stacks of books to trip over on the way to the loo.,4,
456,"Although today's keynote rocked, for every great announcement, AT&amp;T shit on us just a little bit more.",0,
457,"@sheridanmarfil - its not so much my obsession with cell phones, but the iphone!  i'm a slave to at&amp;t forever because of it. :)",0,
460,Fuzzball is more fun than AT&amp,0,P http://fuzz-ball.com/twitter
461,"Today is a good day to dislike AT&amp;T. Vote out of office indeed, @danielpunkass",0,
462,GOT MY WAVE SANDBOX INVITE! Extra excited! Too bad I have class now... but I'll play with it soon enough! #io2009 #wave,4,
463,looks like summize has gone down. too many tweets from WWDC perhaps?,0,
466,"@sklososky Thanks so much!!! ...from one of your *very* happy Kindle2 winners ; ) I was so surprised, fabulous. Thank you! Best, Kathleen",4,
467,Man I kinda dislike Apple right now. Case in point: the iPhone 3GS. Wish there was a video recorder app. Please?? http://bit.ly/DZm1T,0,
468,@cwong08 I have a Kindle2 (&amp,4,
469,"The #Kindle2 seems the best eReader, but will it work in the UK and where can I get one?",4,
470,"I have a google addiction. Thank you for pointing that out, @annamartin123. Hahaha.",4,
473,"dearest @google, you rich bastards! the VISA card you sent me doesn't work. why screw a little guy like me?",0,
475,Excited about seeing Bobby Flay and Guy Fieri tomorrow at the Great American Food &amp,4,4
476,Gonna go see Bobby Flay 2moro at Shoreline. Eat and drink. Gonna be good.,4,
477,can't wait for the great american food and music festival at shoreline tomorrow.  mmm...katz pastrami and bobby flay. yes please.,4,
478,"My dad was in NY for a day, we ate at MESA grill last night and met Bobby Flay. So much fun, except I completely lost my voice today.",4,
479,Fighting with LaTex. Again...,0,
480,@Iheartseverus we love you too and don't want you to die!!!!!!  Latex = the devil,0,
481,"7 hours. 7 hours of inkscape crashing, normally solid as a rock. 7 hours of LaTeX complaining at the slightest thing. I can't take any more.",0,
483,Shit's hitting the fan in Iran...craziness indeed #iranelection,0,
484,Monday already. Iran may implode. Kitchen is a disaster. @annagoss seems happy. @sebulous had a nice weekend and @goldpanda is great. whoop.,0,
486,getting ready to test out some burger receipes this weekend. Bobby Flay has some great receipes to try. Thanks Bobby.,4,
488,i lam so in love with Bobby Flay... he is my favorite. RT @terrysimpson: @bflay you need a place in Phoenix. We have great peppers here!,4,
489,"I just created my first LaTeX file from scratch. That didn't work out very well. (See @amandabittner , it's a great time waster)",0,
490,using Linux and loving it - so much nicer than windows... Looking forward to using the wysiwyg latex editor!,4,
491,"After using LaTeX a lot, any other typeset mathematics just looks hideous.",4,
493,"On that note, I hate Word. I hate Pages. I hate LaTeX. There, I said it. I hate LaTeX. All you TEXN3RDS can come kill me now.",0,
494,Ahhh... back in a *real* text editing environment. I &lt,4,
495,"Trouble in Iran, I see. Hmm. Iran. Iran so far away. #flockofseagullsweregeopoliticallycorrect",0,
496,Reading the tweets coming out of Iran... The whole thing is terrifying and incredibly sad...,0,
